palavra,tipo,sílabas
a,artigo definido,a
a,preposição,a
á-bê-cê,nome masculino,á-bê-cê
á-é-i-ó-u,nome masculino,á-é-i-ó-u
a-pedido,nome masculino,a-pe·di·do
a-propósito,nome masculino,a-pro·pó·si·to
a-tempo,nome masculino,a-tem·po
à-toa,adjetivo,à-to·a
à-toinha,adjetivo,à-to·i·nha
à-vontade,nome masculino,à-von·ta·de
aa,nome feminino,a·a
aabora,nome feminino,a·a·bo·ra
aacheniano,nome masculino,aa·che·ni·a·no
aacheniano,adjetivo,aa·che·ni·a·no
aal,nome masculino,a·al
aaleniano,adjetivo,a·a·le·ni·a·no
aaleniense,adjetivo,aa·le·ni·en·se
aaleniense,nome masculino,aa·le·ni·en·se
aaleniense,nome feminino,aa·le·ni·en·se
aalênio,nome masculino,a·a·lê·ni·o
aalénio,nome masculino,a·a·lé·ni·o
aarônico,adjetivo,a·a·rô·ni·co
aarónico,adjetivo,a·a·ró·ni·co
aarônida,nome masculino,a·a·rô·ni·da
aarônida,adjetivo,a·a·rô·ni·da
aarônida,nome feminino,a·a·rô·ni·da
aarónida,adjetivo,a·a·ró·ni·da
aarónida,nome masculino,a·a·ró·ni·da
aarónida,nome feminino,a·a·ró·ni·da
aaronita,nome masculino,a·a·ro·ni·ta
ab-reação,nome feminino,ab-re·a·ção
ab-reativo,adjetivo,ab-re·a·ti·vo
ab-repticiamente,advérbio,ab-rep·ti·ci·a·men·te
ab-reptício,adjetivo,ab-rep·tí·ci·o
ab-rogação,nome feminino,ab-ro·ga·ção
ab-rogado,adjetivo,ab-ro·ga·do
ab-rogador,adjetivo,ab-ro·ga·dor
ab-rogador,nome masculino,ab-ro·ga·dor
ab-rogamento,nome masculino,ab-ro·ga·men·to
ab-rogante,nome masculino,ab-ro·gan·te
ab-rogante,nome feminino,ab-ro·gan·te
ab-rogante,adjetivo,ab-ro·gan·te
ab-rogar,verbo,ab-ro·gar
ab-rogativo,adjetivo,ab-ro·ga·ti·vo
ab-rogatório,adjetivo,ab-ro·ga·tó·ri·o
ab-rogável,adjetivo,ab-ro·gá·vel
aba,nome masculino,a·ba
aba,nome feminino,a·ba
ababá,nome masculino,a·ba·bá
ababá,nome feminino,a·ba·bá
ababá,adjetivo,a·ba·bá
ababalhado,adjetivo,a·ba·ba·lha·do
ababalhar,verbo,a·ba·ba·lhar
ababelado,adjetivo,a·ba·be·la·do
ababelar,verbo,a·ba·be·lar
ababosado,adjetivo,a·ba·bo·sa·do
ababosar,verbo,a·ba·bo·sar
abacá,nome masculino,a·ba·cá
abacalhoadamente,advérbio,a·ba·ca·lho·a·da·men·te
abacalhoado,adjetivo,a·ba·ca·lho·a·do
abacalhoar,verbo,a·ba·ca·lho·ar
abacamartado,adjetivo,a·ba·ca·mar·ta·do
abaçanado,adjetivo,a·ba·ça·na·do
abaçanar,verbo,a·ba·ça·nar
abacanto,nome masculino,a·ba·can·to
abacate,adjetivo,a·ba·ca·te
abacate,nome masculino,a·ba·ca·te
abacate,nome feminino,a·ba·ca·te
abacateira,nome feminino,a·ba·ca·tei·ra
abacateiro,nome masculino,a·ba·ca·tei·ro
abacaxi,adjetivo,a·ba·ca·xi
abacaxi,nome masculino,a·ba·ca·xi
abacaxi,nome feminino,a·ba·ca·xi
abacelado,adjetivo,a·ba·ce·la·do
abacelamento,nome masculino,a·ba·ce·la·men·to
abacelar,verbo,a·ba·ce·lar
abacelável,adjetivo,a·ba·ce·lá·vel
abacenino,adjetivo,a·ba·ce·ni·no
abacenino,nome masculino,a·ba·ce·ni·no
abacense,adjetivo,a·ba·cen·se
abacense,nome masculino,a·ba·cen·se
abacense,nome feminino,a·ba·cen·se
abacharelado,adjetivo,a·ba·cha·re·la·do
abacharelar,verbo,a·ba·cha·re·lar
abacial,adjetivo,a·ba·ci·al
abacinado,adjetivo,a·ba·ci·na·do
abacinamento,nome masculino,a·ba·ci·na·men·to
abacinar,verbo,a·ba·ci·nar
abacisco,nome masculino,a·ba·cis·co
abacista,nome masculino,a·ba·cis·ta
abacista,nome feminino,a·ba·cis·ta
ábaco,nome masculino,á·ba·co
abacomitato,nome masculino,a·ba·co·mi·ta·to
abacómite,nome masculino,a·ba·có·mi·te
abacômite,nome masculino,a·ba·cô·mi·te
abacto,nome masculino,a·bac·to
abactor,nome masculino,a·bac·tor
abáculo,nome masculino,a·bá·cu·lo
abada,nome feminino,a·ba·da
abadado,nome masculino,a·ba·da·do
bá,nome feminino,bá
bá,nome masculino,bá
baalita,nome masculino,ba·a·li·ta
baalita,nome feminino,ba·a·li·ta
baamense,adjetivo,ba·a·men·se
baamense,nome masculino,ba·a·men·se
baamense,nome feminino,ba·a·men·se
baamês,adjetivo,ba·a·mês
baamês,nome masculino,ba·a·mês
baamiano,adjetivo,ba·a·mi·a·no
baamiano,nome masculino,ba·a·mi·a·no
babá,nome feminino,ba·bá
baba,nome feminino,ba·ba
baba,nome masculino,ba·ba
babá,nome masculino,ba·bá
baba de camelo,nome feminino,ba·ba de ca·me·lo
baba de moça,nome feminino,ba·ba de mo·ça
baba-de-boi,nome feminino,ba·ba-de-boi
babaca,adjetivo,ba·ba·ca
babaça,nome masculino,ba·ba·ça
babaça,nome feminino,ba·ba·ça
babaçu,nome masculino,ba·ba·çu
babada,nome feminino,ba·ba·da
babadinho,adjetivo,ba·ba·di·nho
babado,adjetivo,ba·ba·do
babado,nome masculino,ba·ba·do
babadoiro,nome masculino,ba·ba·doi·ro
babador,nome masculino,ba·ba·dor
babadouro,nome masculino,ba·ba·dou·ro
babadura,nome feminino,ba·ba·du·ra
babalaza,nome feminino,ba·ba·la·za
babalaze,nome masculino,ba·ba·la·ze
babalaze,nome feminino,ba·ba·la·ze
babanca,nome masculino,ba·ban·ca
babão,adjetivo,ba·bão
babão,nome masculino,ba·bão
babaquara,adjetivo,ba·ba·qua·ra
babaquara,nome masculino,ba·ba·qua·ra
babaquara,nome feminino,ba·ba·qua·ra
babaquice,nome feminino,ba·ba·qui·ce
babar,verbo,ba·bar
babaré,nome masculino,ba·ba·ré
babaréu,nome masculino,ba·ba·réu
babatar,verbo,ba·ba·tar
babau,interjeição,ba·bau
babau,nome masculino,ba·bau
babeira,nome feminino,ba·bei·ra
babeiro,nome masculino,ba·bei·ro
babel,nome feminino,ba·bel
babelesco,adjetivo,ba·be·les·co
babélico,adjetivo,ba·bé·li·co
babete,nome masculino,ba·be·te
babilónia,nome feminino,ba·bi·ló·ni·a
babilônia,nome feminino,ba·bi·lô·ni·a
babilónico,adjetivo,ba·bi·ló·ni·co
babilônico,adjetivo,ba·bi·lô·ni·co
babilônio,adjetivo,ba·bi·lô·ni·o
babilônio,nome masculino,ba·bi·lô·ni·o
babilónio,nome masculino,ba·bi·ló·ni·o
babilónio,adjetivo,ba·bi·ló·ni·o
babilonismo,nome masculino,ba·bi·lo·nis·mo
babilonizar,verbo,ba·bi·lo·ni·zar
babirussa,nome feminino,ba·bi·rus·sa
babismo,nome masculino,ba·bis·mo
babista,adjetivo,ba·bis·ta
babista,nome masculino,ba·bis·ta
babista,nome feminino,ba·bis·ta
bablaque,nome masculino,ba·bla·que
baboca,adjetivo,ba·bo·ca
baboca,nome masculino,ba·bo·ca
baboca,nome feminino,ba·bo·ca
babona,nome feminino,ba·bo·na
baboré,nome masculino,ba·bo·ré
babosa,nome feminino,ba·bo·sa
baboseira,nome feminino,ba·bo·sei·ra
babosice,nome feminino,ba·bo·si·ce
baboso,adjetivo,ba·bo·so
baboso,nome masculino,ba·bo·so
babucha,nome feminino,ba·bu·cha
babugem,nome feminino,ba·bu·gem
babugento,adjetivo,ba·bu·gen·to
babuíno,nome masculino,ba·bu·í·no
babujante,adjetivo,ba·bu·jan·te
babujar,verbo,ba·bu·jar
babujaria,nome feminino,ba·bu·ja·ri·a
babunha,nome feminino,ba·bu·nha
babuvismo,nome masculino,ba·bu·vis·mo
babuvista,adjetivo,ba·bu·vis·ta
babuvista,nome masculino,ba·bu·vis·ta
babuvista,nome feminino,ba·bu·vis·ta
baby,nome masculino,ba·by
baby-doll,nome masculino,ba·by-doll
baby-grow,nome masculino,ba·by-grow
baby-sitter,nome masculino,ba·by-sit·ter
baby-sitter,nome feminino,ba·by-sit·ter
babygro,nome masculino,ba·by·gro
bacabá,nome masculino,ba·ca·bá
bacaba,nome feminino,ba·ca·ba
bacabada,nome feminino,ba·ca·ba·da
bacabaí,nome feminino,ba·ca·ba·í
cá,nome masculino,cá
cã,nome feminino,cã
cá,advérbio,cá
ca,conjunção,ca
cã,nome masculino,cã
cá-vai,nome masculino,cá-vai
caã,adjetivo,ca·ã
caã,nome masculino,ca·ã
caã,nome feminino,ca·ã
caaba,nome feminino,ca·a·ba
caacambuí,nome masculino,ca·a·cam·bu·í
caacuí,nome feminino,ca·a·cu·í
caaetê,nome masculino,ca·a·e·tê
caaguará,nome feminino,ca·a·gua·rá
caaingá,nome feminino,ca·a·in·gá
caama,nome masculino,ca·a·ma
caamembeca,nome feminino,ca·a·mem·be·ca
caami,nome masculino,ca·a·mi
caaobi,nome masculino,ca·a·o·bi
caapeba,nome feminino,ca·a·pe·ba
caapiá,nome feminino,ca·a·pi·á
caapiá,nome masculino,ca·a·pi·á
caapiá-açu,nome masculino,ca·a·pi·á-a·çu
caapiá-mirim,nome masculino,ca·a·pi·á-mi·rim
caapomonga,nome feminino,ca·a·po·mon·ga
caarina,nome feminino,ca·a·ri·na
caatiguá,nome masculino,ca·a·ti·guá
caatinga,nome feminino,ca·a·tin·ga
caatininga,nome feminino,ca·a·ti·nin·ga
caavurana,nome feminino,ca·a·vu·ra·na
caba,nome feminino,ca·ba
cabaça,nome masculino,ca·ba·ça
cabaça,nome feminino,ca·ba·ça
cabaçada,nome feminino,ca·ba·ça·da
cabaçal,nome masculino,ca·ba·çal
cabação,nome masculino,ca·ba·ção
cabaceira,nome feminino,ca·ba·cei·ra
cabaceiro,nome masculino,ca·ba·cei·ro
cabacinha,nome feminino,ca·ba·ci·nha
cabacinho,nome masculino,ca·ba·ci·nho
cabaço,nome masculino,ca·ba·ço
cabaçu,nome masculino,ca·ba·çu
cabaçuda,nome feminino,ca·ba·çu·da
cabaçudo,adjetivo,ca·ba·çu·do
cabaçudo,nome masculino,ca·ba·çu·do
cabaia,nome feminino,ca·bai·a
cabaíba,adjetivo,ca·ba·í·ba
cabaíba,nome masculino,ca·ba·í·ba
cabaíba,nome feminino,ca·ba·í·ba
cabal,adjetivo,ca·bal
cabala,nome feminino,ca·ba·la
cabala,adjetivo,ca·ba·la
cabala,nome masculino,ca·ba·la
cabalacaxengo,nome masculino,ca·ba·la·ca·xen·go
cabalar,verbo,ca·ba·lar
cabaleta,nome feminino,ca·ba·le·ta
cabalim,nome masculino,ca·ba·lim
cabalino,adjetivo,ca·ba·li·no
cabalista,nome masculino,ca·ba·lis·ta
cabalista,nome feminino,ca·ba·lis·ta
cabalisticamente,advérbio,ca·ba·lis·ti·ca·men·te
cabalístico,adjetivo,ca·ba·lís·ti·co
cabalmente,advérbio,ca·bal·men·te
cabamba,nome feminino,ca·bam·ba
cabamirim,nome feminino,ca·ba·mi·rim
cabana,nome feminino,ca·ba·na
cabanada,nome feminino,ca·ba·na·da
cabanagem,nome feminino,ca·ba·na·gem
cabanal,nome masculino,ca·ba·nal
cabaneira,nome feminino,ca·ba·nei·ra
cabaneiro,nome masculino,ca·ba·nei·ro
cabanejo,nome masculino,ca·ba·ne·jo
cabanel,nome masculino,ca·ba·nel
cabanga,nome feminino,ca·ban·ga
cabanha,nome feminino,ca·ba·nha
cabanil,nome masculino,ca·ba·nil
cabanilho,nome masculino,ca·ba·ni·lho
cabano,nome masculino,ca·ba·no
cabano,adjetivo,ca·ba·no
cabaré,nome masculino,ca·ba·ré
cabaret,nome masculino,ca·ba·ret
cabareteira,nome feminino,ca·ba·re·tei·ra
cabareteiro,nome masculino,ca·ba·re·tei·ro
cabarro,nome masculino,ca·bar·ro
cabás,nome masculino,ca·bás
cabasita,adjetivo,ca·ba·si·ta
cabasita,nome masculino,ca·ba·si·ta
cabasita,nome feminino,ca·ba·si·ta
cabatã,nome feminino,ca·ba·tã
cabatatu,nome feminino,ca·ba·ta·tu
cabaú,nome masculino,ca·ba·ú
cabaz,nome masculino,ca·baz
cabazada,nome feminino,ca·ba·za·da
cabazeiro,nome masculino,ca·ba·zei·ro
cabe,nome masculino,ca·be
cabear,verbo,ca·be·ar
cabeça,nome masculino,ca·be·ça
cabeça,nome feminino,ca·be·ça
cabeça de abóbora,nome masculino,ca·be·ça de a·bó·bo·ra
cabeça de abóbora,nome feminino,ca·be·ça de a·bó·bo·radaa,adjetivo,da·a
daa,nome masculino,da·a
daa,nome feminino,da·a
daba,nome feminino,da·ba
dabá,nome masculino,da·bá
dabio,nome masculino,da·bi·o
dáblio,nome masculino,dá·bli·o
dâblio,nome masculino,dâ·bli·o
dabu,nome masculino,da·bu
dabua,nome feminino,da·bu·a
daca,nome feminino,da·ca
dação,nome feminino,da·ção
dacarense,nome masculino,da·ca·ren·se
dacarense,adjetivo,da·ca·ren·se
dacarense,nome feminino,da·ca·ren·se
dachém,nome masculino,da·chém
dácia,nome feminino,dá·ci·a
dácico,adjetivo,dá·ci·co
dácio,adjetivo,dá·ci·o
dácio,nome masculino,dá·ci·o
dacisco,adjetivo,da·cis·co
dacisco,nome masculino,da·cis·co
dacito,nome masculino,da·ci·to
dacma,nome masculino,dac·ma
dacnomania,nome feminino,dac·no·ma·ni·a
dacnomaníaco,adjetivo,dac·no·ma·ní·a·co
dacnomaníaco,nome masculino,dac·no·ma·ní·a·co
dacnómano,nome masculino,dac·nó·ma·no
dacnômano,nome masculino,dac·nô·ma·no
daco,adjetivo,da·co
daco,nome masculino,da·co
daco-romeno,nome masculino,da·co-ro·me·no
daco-romeno,adjetivo,da·co-ro·me·no
dacolá,contração,da·co·lá
dacoma,nome feminino,da·co·ma
dacomas,nome feminino,da·co·mas
dacota,adjetivo,da·co·ta
dacota,nome masculino,da·co·ta
dacota,nome feminino,da·co·ta
dacriadenalgia,nome feminino,da·cri·a·de·nal·gi·a
dacriadenálgico,adjetivo,da·cri·a·de·nál·gi·co
dacriadenite,nome feminino,da·cri·a·de·ni·te
dacrídio,nome masculino,da·crí·di·o
dácrio,nome masculino,dá·cri·o
dacrioblenorreia,nome feminino,da·cri·o·ble·nor·rei·a
dacriocele,nome feminino,da·cri·o·ce·le
dacriocistectomia,nome feminino,da·cri·o·cis·tec·to·mi·a
dacriocistite,nome feminino,da·cri·o·cis·ti·te
dacrioide,adjetivo,da·cri·oi·de
dacriolina,nome feminino,da·cri·o·li·na
dacriólito,nome masculino,da·cri·ó·li·to
dacriorreia,nome feminino,da·cri·or·rei·a
dacriorreico,adjetivo,da·cri·or·rei·co
dacriúria,nome feminino,da·cri·ú·ri·a
dáctila,nome feminino,dác·ti·la
dactilado,adjetivo,dac·ti·la·do
dactilado,nome masculino,dac·ti·la·do
dactilar,adjetivo,dac·ti·lar
dactílico,adjetivo,dac·tí·li·co
dactílico-espondaico,adjetivo,dac·tí·li·co-es·pon·dai·co
dactilífero,adjetivo,dac·ti·lí·fe·ro
dactilino,adjetivo,dac·ti·li·no
dactílio,nome masculino,dac·tí·li·o
dactiliografia,nome feminino,dac·ti·li·o·gra·fi·a
dactiliográfico,adjetivo,dac·ti·li·o·grá·fi·co
dactiliologia,nome feminino,dac·ti·li·o·lo·gi·a
dactiliológico,adjetivo,dac·ti·li·o·ló·gi·co
dactiliólogo,nome masculino,dac·ti·li·ó·lo·go
dactiliomancia,nome feminino,dac·ti·li·o·man·ci·a
dactiliomante,adjetivo,dac·ti·li·o·man·te
dactiliomante,nome masculino,dac·ti·li·o·man·te
dactiliomante,nome feminino,dac·ti·li·o·man·te
dactiliomântico,adjetivo,dac·ti·li·o·mân·ti·co
dactílion,nome masculino,dac·tí·li·on
dactilioteca,nome feminino,dac·ti·li·o·te·ca
dactilite,nome feminino,dac·ti·li·te
dáctilo,adjetivo,dác·ti·lo
dáctilo,nome masculino,dác·ti·lo
dactilofasia,nome feminino,dac·ti·lo·fa·si·a
dactilógrafa,nome feminino,dac·ti·ló·gra·fa
dactilografado,adjetivo,dac·ti·lo·gra·fa·do
dactilografar,verbo,dac·ti·lo·gra·far
dactilografia,nome feminino,dac·ti·lo·gra·fi·a
dactilograficamente,advérbio,dac·ti·lo·gra·fi·ca·men·te
dactilográfico,adjetivo,dac·ti·lo·grá·fi·co
dactilógrafo,nome masculino,dac·ti·ló·gra·fo
dactilograma,nome masculino,dac·ti·lo·gra·ma
dactiloide,adjetivo,dac·ti·loi·de
dactilólobo,nome masculino,dac·ti·ló·lo·bo
dactilologia,nome feminino,dac·ti·lo·lo·gi·a
dactilológico,adjetivo,dac·ti·lo·ló·gi·co
dactilomancia,nome feminino,dac·ti·lo·man·ci·a
dactilomante,nome masculino,dac·ti·lo·man·te
dactilomante,nome feminino,dac·ti·lo·man·te
dactilomântico,adjetivo,dac·ti·lo·mân·ti·co
dactilonomia,nome feminino,dac·ti·lo·no·mi·a
dactilóptero,nome masculino,dac·ti·lóp·te·ro
dactiloscopia,nome feminino,dac·ti·los·co·pi·a
dactiloscópico,adjetivo,dac·ti·los·có·pi·co
dactiloteca,nome feminino,dac·ti·lo·te·ca
e,conjunção,e
e-book,nome masculino,e-book
e-mail,nome masculino,e-mail
e-zine,nome feminino,e-zi·ne
eandense,adjetivo,e·an·den·se
eandense,nome masculino,e·an·den·se
eandense,nome feminino,e·an·den·se
eanismo,nome masculino,e·a·nis·mo
eau-de-toilette,nome feminino,eau-de-toi·let·te
ebália,nome feminino,e·bá·li·a
ebanácea,nome feminino,e·ba·ná·ce·a
ebanáceo,adjetivo,e·ba·ná·ce·o
ebâneo,adjetivo,e·bâ·ne·o
ebanino,adjetivo,e·ba·ni·no
ebanista,nome masculino,e·ba·nis·ta
ebanista,nome feminino,e·ba·nis·ta
ebanite,nome feminino,e·ba·ni·te
ebanizar,verbo,e·ba·ni·zar
ébano,nome masculino,é·ba·no
ebenácea,nome feminino,e·be·ná·ce·a
ebenáceo,adjetivo,e·be·ná·ce·o
ébeno,nome masculino,é·be·no
ebionismo,nome masculino,e·bi·o·nis·mo
ebionita,adjetivo,e·bi·o·ni·ta
ebionita,nome masculino,e·bi·o·ni·ta
ebionita,nome feminino,e·bi·o·ni·ta
ébola,nome masculino,é·bo·la
ebonite,nome feminino,e·bo·ni·te
eborária,nome feminino,e·bo·rá·ri·a
eborário,nome masculino,e·bo·rá·ri·o
eborense,nome masculino,e·bo·ren·se
eborense,adjetivo,e·bo·ren·se
eborense,nome feminino,e·bo·ren·se
ebóreo,adjetivo,e·bó·re·o
ebriático,adjetivo,e·bri·á·ti·co
ebriativo,adjetivo,e·bri·a·ti·vo
ebriedade,nome feminino,e·bri·e·da·de
ebriez,nome feminino,e·bri·ez
ebrifestante,adjetivo,e·bri·fes·tan·te
ebrifestivo,adjetivo,e·bri·fes·ti·vo
ébrio,adjetivo,é·bri·o
ébrio,nome masculino,é·bri·o
ébrio,nome feminino,é·bri·o
ebrioso,adjetivo,e·bri·o·so
ebrirridente,adjetivo,e·brir·ri·den·te
ebulição,nome feminino,e·bu·li·ção
ebulidor,nome masculino,e·bu·li·dor
ebuliente,adjetivo,e·bu·li·en·te
ebuliometria,nome feminino,e·bu·li·o·me·tri·a
ebuliométrico,adjetivo,e·bu·li·o·mé·tri·co
ebuliômetro,nome masculino,e·bu·li·ô·me·tro
ebuliómetro,nome masculino,e·bu·li·ó·me·tro
ebulioscopia,nome feminino,e·bu·li·os·co·pi·a
ebulioscópico,adjetivo,e·bu·li·os·có·pi·co
ebulioscópio,nome masculino,e·bu·li·os·có·pi·o
ébulo,nome masculino,é·bu·lo
eburão,nome masculino,e·bu·rão
eburão,adjetivo,e·bu·rão
eburina,nome feminino,e·bu·ri·na
eburino,adjetivo,e·bu·ri·no
eburino,nome masculino,e·bu·ri·no
eburnação,nome feminino,e·bur·na·ção
ebúrneo,adjetivo,e·búr·ne·o
ebúrneo,nome masculino,e·búr·ne·o
eburnite,nome feminino,e·bur·ni·te
eburovice,adjetivo,e·bu·ro·vi·ce
eburovice,nome masculino,e·bu·ro·vi·ce
eburovice,nome feminino,e·bu·ro·vi·ce
ecálice,adjetivo,e·cá·li·ce
ecálice,nome masculino,e·cá·li·ce
ecálice,nome feminino,e·cá·li·ce
ecapa,nome feminino,e·ca·pa
écarté,nome masculino,é·car·té
ecartê,nome masculino,e·car·tê
ecato,nome masculino,e·ca·to
ecaudado,adjetivo,e·cau·da·do
écbase,nome feminino,éc·ba·se
ecbólade,nome feminino,ec·bó·la·de
ecbólico,adjetivo,ec·bó·li·co
ecbolina,nome feminino,ec·bo·li·na
ecceidade,nome feminino,ec·cei·da·de
ecdêmico,adjetivo,ec·dê·mi·co
ecdémico,adjetivo,ec·dé·mi·co
ecdisona,nome feminino,ec·di·so·na
ecdótica,nome feminino,ec·dó·ti·ca
ecdótico,adjetivo,ec·dó·ti·co
ecetrano,adjetivo,e·ce·tra·no
ecetrano,nome masculino,e·ce·tra·no
ecfonema,nome masculino,ec·fo·ne·ma
écfora,nome feminino,éc·fo·ra
ecfráctico,adjetivo,ec·frác·ti·co
écfrase,nome feminino,éc·fra·se
ecfrástico,adjetivo,ec·frás·ti·co
ecfrático,adjetivo,ec·frá·ti·co
echacorvos,nome masculino,e·cha·cor·vos
echalota,nome feminino,e·cha·lo·ta
echarpe,nome feminino,e·char·pe
écharpe,nome feminino,é·char·pe
echuabo,nome masculino,e·chu·a·bo
éclair,nome masculino,é·clairfã,nome masculino,fã
fá,nome masculino,fá
fã,nome feminino,fã
fabagela,nome feminino,fa·ba·ge·la
fabal,nome masculino,fa·bal
fabela,nome feminino,fa·be·la
fabiana,nome feminino,fa·bi·a·na
fabiano,adjetivo,fa·bi·a·no
fabiano,nome masculino,fa·bi·a·no
fabiforme,adjetivo,fa·bi·for·me
fabordão,nome masculino,fa·bor·dão
fabraterno,adjetivo,fa·bra·ter·no
fabraterno,nome masculino,fa·bra·ter·no
fábrica,nome feminino,fá·bri·ca
fabricabilidade,nome feminino,fa·bri·ca·bi·li·da·de
fabricação,nome feminino,fa·bri·ca·ção
fabricado,adjetivo,fa·bri·ca·do
fabricador,adjetivo,fa·bri·ca·dor
fabricador,nome masculino,fa·bri·ca·dor
fabricadora,nome feminino,fa·bri·ca·do·ra
fabricando,adjetivo,fa·bri·can·do
fabricante,nome masculino,fa·bri·can·te
fabricante,adjetivo,fa·bri·can·te
fabricante,nome feminino,fa·bri·can·te
fabricar,verbo,fa·bri·car
fabricário,adjetivo,fa·bri·cá·ri·o
fabricário,nome masculino,fa·bri·cá·ri·o
fabricável,adjetivo,fa·bri·cá·vel
fabrícia,nome feminino,fa·brí·ci·a
fabrico,nome masculino,fa·bri·co
fabril,adjetivo,fa·bril
fabrilmente,advérbio,fa·bril·men·te
fabriqueiro,adjetivo,fa·bri·quei·ro
fabriqueiro,nome masculino,fa·bri·quei·ro
fabriqueta,nome feminino,fa·bri·que·ta
fabro,nome masculino,fa·bro
fábula,nome feminino,fá·bu·la
fabulação,nome feminino,fa·bu·la·ção
fabuladão,nome feminino,fa·bu·la·dão
fabulado,adjetivo,fa·bu·la·do
fabulador,adjetivo,fa·bu·la·dor
fabulador,nome masculino,fa·bu·la·dor
fabuladora,nome feminino,fa·bu·la·do·ra
fabular,verbo,fa·bu·lar
fabular,adjetivo,fa·bu·lar
fabulário,nome masculino,fa·bu·lá·ri·o
fabulista,nome masculino,fa·bu·lis·ta
fabulista,nome feminino,fa·bu·lis·ta
fabulística,nome feminino,fa·bu·lís·ti·ca
fabulístico,adjetivo,fa·bu·lís·ti·co
fabulizar,verbo,fa·bu·li·zar
fabulosamente,advérbio,fa·bu·lo·sa·men·te
fabuloso,adjetivo,fa·bu·lo·so
fac-similação,nome feminino,fac-si·mi·la·ção
fac-similado,adjetivo,fac-si·mi·la·do
fac-similar,adjetivo,fac-si·mi·lar
fac-similar,verbo,fac-si·mi·lar
fac-símile,nome masculino,fac-sí·mi·le
faca,nome feminino,fa·ca
faca de mato,nome feminino,fa·ca de ma·to
faça-a-poda,nome masculino,fa·ça-a-po·da
faca-marcador,nome feminino,fa·ca-mar·ca·dor
faca-punhal,nome feminino,fa·ca-pu·nhal
faca-sola,nome feminino,fa·ca-so·la
facada,nome feminino,fa·ca·da
facadista,nome masculino,fa·ca·dis·ta
facadista,nome feminino,fa·ca·dis·ta
facaia,nome feminino,fa·cai·a
facalhão,nome masculino,fa·ca·lhão
facalhaz,nome masculino,fa·ca·lhaz
façalvo,adjetivo,fa·çal·vo
facaneia,nome feminino,fa·ca·nei·a
façanha,nome feminino,fa·ça·nha
façanheiro,nome masculino,fa·ça·nhei·ro
façanheiro,adjetivo,fa·ça·nhei·ro
façanhice,nome feminino,fa·ça·nhi·ce
façanhosamente,advérbio,fa·ça·nho·sa·men·te
façanhoso,adjetivo,fa·ça·nho·so
façanhuda,nome feminino,fa·ça·nhu·da
façanhudo,adjetivo,fa·ça·nhu·do
façanhudo,nome masculino,fa·ça·nhu·do
fação,nome feminino,fa·ção
facão,nome masculino,fa·cão
facataz,nome masculino,fa·ca·taz
facção,nome feminino,fac·ção
faccionar,verbo,fac·ci·o·nar
faccionária,nome feminino,fac·ci·o·ná·ri·a
faccionário,adjetivo,fac·ci·o·ná·ri·o
faccionário,nome masculino,fac·ci·o·ná·ri·o
facciosa,nome feminino,fac·ci·o·sa
facciosamente,advérbio,fac·ci·o·sa·men·te
facciosidade,nome feminino,fac·ci·o·si·da·de
facciosismo,nome masculino,fac·ci·o·sis·mo
faccioso,adjetivo,fac·ci·o·so
faccioso,nome masculino,fac·ci·o·so
face,nome feminino,fa·ce
faceador,nome masculino,fa·ce·a·dor
facear,verbo,fa·ce·ar
facécia,nome feminino,fa·cé·ci·a
faceciar,verbo,fa·ce·ci·ar
gã,nome masculino,gã
gabação,nome feminino,ga·ba·ção
gabachista,nome masculino,ga·ba·chis·ta
gabachista,nome feminino,ga·ba·chis·ta
gabaço,nome masculino,ga·ba·ço
gabadela,nome feminino,ga·ba·de·la
gabadinho,adjetivo,ga·ba·di·nho
gabador,adjetivo,ga·ba·dor
gabador,nome masculino,ga·ba·dor
gabadora,nome feminino,ga·ba·do·ra
gabálico,adjetivo,ga·bá·li·co
gabalitano,adjetivo,ga·ba·li·ta·no
gabalitano,nome masculino,ga·ba·li·ta·no
gábalo,adjetivo,gá·ba·lo
gábalo,nome masculino,gá·ba·lo
gabamento,nome masculino,ga·ba·men·to
gabança,nome feminino,ga·ban·ça
gabanço,nome masculino,ga·ban·ço
gabanela,nome masculino,ga·ba·ne·la
gabanela,nome feminino,ga·ba·ne·la
gabanês,adjetivo,ga·ba·nês
gabanês,nome masculino,ga·ba·nês
gabão,nome masculino,ga·bão
gabaonita,adjetivo,ga·bao·ni·ta
gabaonita,nome masculino,ga·bao·ni·ta
gabaonita,nome feminino,ga·bao·ni·ta
gabar,verbo,ga·bar
gabardina,nome feminino,ga·bar·di·na
gabardine,nome feminino,ga·bar·di·ne
gabardo,nome masculino,ga·bar·do
gabari,nome masculino,ga·ba·ri
gabarito,nome masculino,ga·ba·ri·to
gabarola,adjetivo,ga·ba·ro·la
gabarola,nome masculino,ga·ba·ro·la
gabarola,nome feminino,ga·ba·ro·la
gabarolas,nome masculino,ga·ba·ro·las
gabarolice,nome feminino,ga·ba·ro·li·ce
gabarote,nome masculino,ga·ba·ro·te
gabarra,nome feminino,ga·bar·ra
gabarreiro,nome masculino,ga·bar·rei·ro
gabarrice,nome feminino,ga·bar·ri·ce
gabarrista,nome masculino,ga·bar·ris·ta
gabarrista,nome feminino,ga·bar·ris·ta
gabarro,nome masculino,ga·bar·ro
gabaru,nome masculino,ga·ba·ru
gabatório,nome masculino,ga·ba·tó·ri·o
gabável,adjetivo,ga·bá·vel
gabazola,adjetivo,ga·ba·zo·la
gabazola,nome masculino,ga·ba·zo·la
gabazola,nome feminino,ga·ba·zo·la
gabela,nome feminino,ga·be·la
gabelo,nome masculino,ga·be·lo
gabeno,nome masculino,ga·be·no
gabeno,adjetivo,ga·be·no
gábia,nome feminino,gá·bi·a
gabiagem,nome feminino,ga·bi·a·gem
gabião,nome masculino,ga·bi·ão
gabiar,verbo,ga·bi·ar
gabiarra,nome feminino,ga·bi·ar·ra
gabiense,adjetivo,ga·bi·en·se
gabiense,nome masculino,ga·bi·en·se
gabiense,nome feminino,ga·bi·en·se
gabinarda,nome feminino,ga·bi·nar·da
gabinardo,adjetivo,ga·bi·nar·do
gabinardo,nome masculino,ga·bi·nar·do
gabinete,nome masculino,ga·bi·ne·te
gabino,adjetivo,ga·bi·no
gabino,nome masculino,ga·bi·no
gabionada,nome feminino,ga·bi·o·na·da
gabionador,adjetivo,ga·bi·o·na·dor
gabionador,nome masculino,ga·bi·o·na·dor
gabionar,verbo,ga·bi·o·nar
gabiru,nome masculino,ga·bi·ru
gabiru,adjetivo,ga·bi·ru
gabo,nome masculino,ga·bo
gabola,nome feminino,ga·bo·la
gabolas,nome masculino,ga·bo·las
gabolas,nome feminino,ga·bo·las
gabolice,nome feminino,ga·bo·li·ce
gabona,nome feminino,ga·bo·na
gabonense,nome masculino,ga·bo·nen·se
gabonense,adjetivo,ga·bo·nen·se
gabonense,nome feminino,ga·bo·nen·se
gabonês,adjetivo,ga·bo·nês
gabonês,nome masculino,ga·bo·nês
gabordo,nome masculino,ga·bor·do
gabro,nome masculino,ga·bro
gabroico,adjetivo,ga·broi·co
gacha,nome feminino,ga·cha
gacheta,nome feminino,ga·che·ta
gacho,nome masculino,ga·cho
gachumbo,nome masculino,ga·chum·bo
gadachim,nome masculino,ga·da·chim
gadanha,nome feminino,ga·da·nha
gadanhada,nome feminino,ga·da·nha·da
gadanhar,verbo,ga·da·nhar
gadanheira,nome feminino,ga·da·nhei·ra
gadanheiro,nome masculino,ga·da·nhei·ro
gadanho,nome masculino,ga·da·nho
gadaria,nome feminino,ga·da·ri·ahã,interjeição,hã
há,nome masculino,há
há-de-haver,nome masculino,há-de-ha·ver
habanera,nome feminino,ha·ba·ne·ra
habé,adjetivo,ha·bé
habé,nome masculino,ha·bé
habé,nome feminino,ha·bé
habena,nome feminino,ha·be·na
hábia,nome feminino,há·bi·a
hábil,adjetivo,há·bil
habilidade,nome feminino,ha·bi·li·da·de
habilidosa,nome feminino,ha·bi·li·do·sa
habilidosamente,advérbio,ha·bi·li·do·sa·men·te
habilidoso,adjetivo,ha·bi·li·do·so
habilidoso,nome masculino,ha·bi·li·do·so
habilitação,nome feminino,ha·bi·li·ta·ção
habilitado,adjetivo,ha·bi·li·ta·do
habilitador,adjetivo,ha·bi·li·ta·dor
habilitador,nome masculino,ha·bi·li·ta·dor
habilitanço,nome masculino,ha·bi·li·tan·ço
habilitando,adjetivo,ha·bi·li·tan·do
habilitando,nome masculino,ha·bi·li·tan·do
habilitante,adjetivo,ha·bi·li·tan·te
habilitante,nome masculino,ha·bi·li·tan·te
habilitante,nome feminino,ha·bi·li·tan·te
habilitar,verbo,ha·bi·li·tar
habilitável,adjetivo,ha·bi·li·tá·vel
habilmente,advérbio,ha·bil·men·te
habitabilidade,nome feminino,ha·bi·ta·bi·li·da·de
habitação,nome feminino,ha·bi·ta·ção
habitação-modelo,nome feminino,ha·bi·ta·ção-mo·de·lo
habitacional,adjetivo,ha·bi·ta·ci·o·nal
habitáculo,nome masculino,ha·bi·tá·cu·lo
habitado,adjetivo,ha·bi·ta·do
habitador,adjetivo,ha·bi·ta·dor
habitador,nome masculino,ha·bi·ta·dor
habitante,adjetivo,ha·bi·tan·te
habitante,nome masculino,ha·bi·tan·te
habitante,nome feminino,ha·bi·tan·te
habitar,verbo,ha·bi·tar
habitat,nome masculino,ha·bi·tat
habitável,adjetivo,ha·bi·tá·vel
hábito,nome masculino,há·bi·to
habituação,nome feminino,ha·bi·tu·a·ção
habituado,adjetivo,ha·bi·tu·a·do
habitual,adjetivo,ha·bi·tu·al
habitualidade,nome feminino,ha·bi·tu·a·li·da·de
habitualismo,nome masculino,ha·bi·tu·a·lis·mo
habitualmente,advérbio,ha·bi·tu·al·men·te
habituante,adjetivo,ha·bi·tu·an·te
habituar,verbo,ha·bi·tu·ar
habituável,adjetivo,ha·bi·tu·á·vel
habitude,nome feminino,ha·bi·tu·de
habitudinário,adjetivo,ha·bi·tu·di·ná·ri·o
habitué,nome masculino,ha·bi·tué
habitus,nome masculino,ha·bi·tus
haca,nome feminino,ha·ca
hacaneia,nome feminino,ha·ca·nei·a
hacata,nome feminino,ha·ca·ta
hacer,nome masculino,ha·cer
hacker,nome masculino,hac·ker
hacker,nome feminino,hac·ker
haco,nome masculino,ha·co
haco,adjetivo,ha·co
hacpólique,nome masculino,hac·pó·li·que
hacube,nome masculino,ha·cu·be
hadoque,nome masculino,ha·do·que
haeckeliano,adjetivo,haec·ke·li·a·no
hafalgesia,nome feminino,ha·fal·ge·si·a
hafalgésico,adjetivo,ha·fal·gé·si·co
hafiestesímetro,nome masculino,ha·fi·es·te·sí·me·tro
háfnio,nome masculino,háf·ni·o
hafométrico,adjetivo,ha·fo·mé·tri·co
hagiastério,nome masculino,ha·gi·as·té·ri·o
hágibe,nome masculino,há·gi·be
hagiógrafa,nome feminino,ha·gi·ó·gra·fa
hagiografia,nome feminino,ha·gi·o·gra·fi·a
hagiográfico,adjetivo,ha·gi·o·grá·fi·co
hagiografista,nome masculino,ha·gi·o·gra·fis·ta
hagiografista,nome feminino,ha·gi·o·gra·fis·ta
hagiógrafo,nome masculino,ha·gi·ó·gra·fo
hagiolatria,nome feminino,ha·gi·o·la·tri·a
hagiolátrico,adjetivo,ha·gi·o·lá·tri·co
hagióloga,nome feminino,ha·gi·ó·lo·ga
hagiologia,nome feminino,ha·gi·o·lo·gi·a
hagiológico,adjetivo,ha·gi·o·ló·gi·co
hagiológio,nome masculino,ha·gi·o·ló·gi·o
hagiologista,nome masculino,ha·gi·o·lo·gis·ta
hagiologista,nome feminino,ha·gi·o·lo·gis·ta
hagiólogo,nome masculino,ha·gi·ó·lo·go
hagiómaco,nome masculino,ha·gi·ó·ma·co
hagiômaco,nome masculino,ha·gi·ô·ma·co
hagiomaquia,nome feminino,ha·gi·o·ma·qui·a
hagiomáquico,adjetivo,ha·gi·o·má·qui·co
hagionímia,nome feminino,ha·gi·o·ní·mi·a
hagionímico,adjetivo,ha·gi·o·ní·mi·co
hagiônimo,nome masculino,ha·gi·ô·ni·mo
hagiónimo,nome masculino,ha·gi·ó·ni·mo
hagiossemantro,nome masculino,ha·gi·os·se·man·tro
hagiossidero,nome masculino,ha·gi·os·si·de·ro
i,advérbio,i
iá,nome masculino,i·á
iaçá,nome masculino,i·a·çá
iaca,nome feminino,i·a·ca
iacu,nome masculino,i·a·cu
iacuto,adjetivo,i·a·cu·to
iacuto,nome masculino,i·a·cu·to
iaga,nome feminino,i·a·ga
iaiá,nome feminino,i·ai·á
iam-chá,nome masculino,i·am-chá
iambelegíaco,adjetivo,i·am·be·le·gí·a·co
iâmbico,adjetivo,i·âm·bi·co
iâmbico-trocaico,adjetivo,i·âm·bi·co-tro·cai·co
iambo,nome masculino,i·am·bo
iambográfico,adjetivo,i·am·bo·grá·fi·co
iambógrafo,nome masculino,i·am·bó·gra·fo
iamologia,nome feminino,i·a·mo·lo·gi·a
iamológico,adjetivo,i·a·mo·ló·gi·co
iamotecnia,nome feminino,i·a·mo·tec·ni·a
iamotécnico,adjetivo,i·a·mo·téc·ni·co
ianomâmi,nome feminino,i·a·no·mâ·mi
ianomâmi,nome masculino,i·a·no·mâ·mi
ianomâmi,adjetivo,i·a·no·mâ·mi
ianque,adjetivo,i·an·que
ianque,nome masculino,i·an·que
ianque,nome feminino,i·an·que
ianquismo,nome masculino,i·an·quis·mo
iântino,adjetivo,i·ân·ti·no
iantra,nome masculino,i·an·tra
ião,nome masculino,i·ão
iao,nome masculino,i·ao
iápide,adjetivo,i·á·pi·de
iápide,nome masculino,i·á·pi·de
iápide,nome feminino,i·á·pi·de
iapígio,adjetivo,i·a·pí·gi·o
iapígio,nome masculino,i·a·pí·gi·o
iapoque,nome masculino,i·a·po·que
iapu,nome masculino,i·a·pu
iapuçá,nome masculino,i·a·pu·çá
iaque,nome masculino,i·a·que
iara,nome feminino,i·a·ra
iássio,adjetivo,i·ás·si·o
iássio,nome masculino,i·ás·si·o
iatagã,nome masculino,i·a·ta·gã
iataí,nome masculino,i·a·ta·í
iatai,nome masculino,i·a·tai
iate,nome masculino,i·a·te
iatismo,nome masculino,i·a·tis·mo
iatista,adjetivo,i·a·tis·ta
iatista,nome masculino,i·a·tis·ta
iatista,nome feminino,i·a·tis·ta
iatralipta,nome masculino,i·a·tra·lip·ta
iatralipta,nome feminino,i·a·tra·lip·ta
iatralíptica,nome feminino,i·a·tra·líp·ti·ca
iatralíptico,adjetivo,i·a·tra·líp·ti·co
iatreu,nome masculino,i·a·treu
iatria,nome feminino,i·a·tri·a
iátrica,nome feminino,i·á·tri·ca
iátrico,adjetivo,i·á·tri·co
iatrofísica,nome feminino,i·a·tro·fí·si·ca
iatrofísico,adjetivo,i·a·tro·fí·si·co
iatrofísico,nome masculino,i·a·tro·fí·si·co
iatrogenia,nome feminino,i·a·tro·ge·ni·a
iatrogénico,adjetivo,i·a·tro·gé·ni·co
iatrogênico,adjetivo,i·a·tro·gê·ni·co
iatrografia,nome feminino,i·a·tro·gra·fi·a
iatrográfico,adjetivo,i·a·tro·grá·fi·co
iatrógrafo,nome masculino,i·a·tró·gra·fo
iatrologia,nome feminino,i·a·tro·lo·gi·a
iatrológico,adjetivo,i·a·tro·ló·gi·co
iatromancia,nome feminino,i·a·tro·man·ci·a
iatromante,nome masculino,i·a·tro·man·te
iatromante,nome feminino,i·a·tro·man·te
iatromântico,adjetivo,i·a·tro·mân·ti·co
iatromatemática,nome feminino,i·a·tro·ma·te·má·ti·ca
iatromatemático,adjetivo,i·a·tro·ma·te·má·ti·co
iatromecânica,nome feminino,i·a·tro·me·câ·ni·ca
iatromecânico,adjetivo,i·a·tro·me·câ·ni·co
iatromecanismo,nome masculino,i·a·tro·me·ca·nis·mo
iatroquímica,nome feminino,i·a·tro·quí·mi·ca
iatroquímico,nome masculino,i·a·tro·quí·mi·co
iatroquímico,adjetivo,i·a·tro·quí·mi·co
iaveísta,adjetivo,i·a·ve·ís·ta
iaveísta,nome masculino,i·a·ve·ís·ta
iaveísta,nome feminino,i·a·ve·ís·ta
iaxâmata,adjetivo,i·a·xâ·ma·ta
iaxâmata,nome masculino,i·a·xâ·ma·ta
iaxâmata,nome feminino,i·a·xâ·ma·ta
iazele,adjetivo,i·a·ze·le
iázige,adjetivo,i·á·zi·ge
iázige,nome masculino,i·á·zi·ge
iázige,nome feminino,i·á·zi·ge
iba,nome feminino,i·ba
ibabiraba,nome feminino,i·ba·bi·ra·ba
ibacurupari,nome feminino,i·ba·cu·ru·pa·ri
ibapuringa,nome feminino,i·ba·pu·rin·ga
ibera,nome feminino,i·be·ra
ibéria,nome feminino,i·bé·ri·a
iberíaco,adjetivo,i·be·rí·a·co
ibérica,nome feminino,i·bé·ri·cajá,advérbio,já
já,conjunção,já
já-começa,nome masculino,já-co·me·ça
jã-da-cruz,nome masculino,jã-da-cruz
jã-mijão,nome masculino,jã-mi·jão
jã-ninguém,nome masculino,jã-nin·guém
jaaraboá,nome masculino,ja·a·ra·bo·á
jabá,nome masculino,ja·bá
jabá,nome feminino,ja·bá
jabarandaia,nome masculino,ja·ba·ran·dai·a
jabiraca,nome feminino,ja·bi·ra·ca
jabiru,nome masculino,ja·bi·ru
jabitá,nome masculino,ja·bi·tá
jabô,nome masculino,ja·bô
jaborandi,nome masculino,ja·bo·ran·di
jaborandina,nome feminino,ja·bo·ran·di·na
jabot,nome masculino,ja·bot
jabota,nome feminino,ja·bo·ta
jabu,nome masculino,ja·bu
jaburu,nome masculino,ja·bu·ru
jabutá,nome masculino,ja·bu·tá
jabutapitá,nome feminino,ja·bu·ta·pi·tá
jabuti,nome masculino,ja·bu·ti
jabutiba,nome feminino,ja·bu·ti·ba
jabutiboia,nome feminino,ja·bu·ti·boi·a
jabuticaba,nome feminino,ja·bu·ti·ca·ba
jabuticabal,nome masculino,ja·bu·ti·ca·bal
jabuticabeira,nome feminino,ja·bu·ti·ca·bei·ra
jabutim,nome masculino,ja·bu·tim
jabutimata,nome feminino,ja·bu·ti·ma·ta
jabutipé,nome masculino,ja·bu·ti·pé
jabutuíva,nome feminino,ja·bu·tu·í·va
jaca,nome masculino,ja·ca
jaca,nome feminino,ja·ca
jaça,nome feminino,ja·ça
jacá,nome masculino,ja·cá
jacaçu,nome masculino,ja·ca·çu
jacaió,nome masculino,ja·cai·ó
jacami,nome masculino,ja·ca·mi
jacamim,nome masculino,ja·ca·mim
jacamincá,nome feminino,ja·ca·min·cá
jacamiúna,nome masculino,ja·ca·mi·ú·na
jaçanã,nome masculino,ja·ça·nã
jacanarana,nome feminino,ja·ca·na·ra·na
jacanídeo,nome masculino,ja·ca·ní·de·o
jacanídeo,nome masculino,ja·ca·ní·de·o
jacanídeo,adjetivo,ja·ca·ní·de·o
jacapa,nome feminino,ja·ca·pa
jaçapé,nome masculino,ja·ça·pé
jacapu,nome masculino,ja·ca·pu
jacapucaia,nome feminino,ja·ca·pu·cai·a
jacará,nome masculino,ja·ca·rá
jacarácia,nome feminino,ja·ca·rá·ci·a
jacarandá,nome masculino,ja·ca·ran·dá
jacarandana,nome feminino,ja·ca·ran·da·na
jacarandina,nome feminino,ja·ca·ran·di·na
jacaratiá,nome masculino,ja·ca·ra·ti·á
jacaratinga,nome feminino,ja·ca·ra·tin·ga
jacaré,nome masculino,ja·ca·ré
jacaré-açu,nome masculino,ja·ca·ré-a·çu
jacarearu,nome masculino,ja·ca·re·a·ru
jacareíba,nome feminino,ja·ca·re·í·ba
jacarerana,nome masculino,ja·ca·re·ra·na
jacaretinga,nome masculino,ja·ca·re·tin·ga
jacareúba,nome masculino,ja·ca·re·ú·ba
jacarina,nome feminino,ja·ca·ri·na
jacarini,nome masculino,ja·ca·ri·ni
jacatacá,nome masculino,ja·ca·ta·cá
jacatirão,nome masculino,ja·ca·ti·rão
jacatupé,nome masculino,ja·ca·tu·pé
jácea,nome feminino,já·ce·a
jacente,adjetivo,ja·cen·te
jacente,nome masculino,ja·cen·te
jacetano,adjetivo,ja·ce·ta·no
jacetano,nome masculino,ja·ce·ta·no
jaci,nome masculino,ja·ci
jaciaba,nome feminino,ja·ci·a·ba
jacintara,nome feminino,ja·cin·ta·ra
jacintino,adjetivo,ja·cin·ti·no
jacinto,nome masculino,ja·cin·to
jacitara,nome feminino,ja·ci·ta·ra
jackpot,nome masculino,jack·pot
jacksónia,nome feminino,jack·só·ni·a
jacksônia,nome feminino,jack·sô·ni·a
jacksoniano,adjetivo,jack·so·ni·a·no
jacobeia,nome feminino,ja·co·bei·a
jacobeu,nome masculino,ja·co·beu
jacobiano,nome masculino,ja·co·bi·a·no
jacobice,nome feminino,ja·co·bi·ce
jacobina,nome feminino,ja·co·bi·na
jacobinada,nome feminino,ja·co·bi·na·da
jacobinagem,nome feminino,ja·co·bi·na·gem
jacobinamente,advérbio,ja·co·bi·na·men·te
jacobínia,nome feminino,ja·co·bí·ni·a
jacobinice,nome feminino,ja·co·bi·ni·ce
jacobínico,adjetivo,ja·co·bí·ni·co
jacobinismo,nome masculino,ja·co·bi·nis·mo
jacobinização,nome feminino,ja·co·bi·ni·za·ção
jacobinizar,verbo,ja·co·bi·ni·zar
jacobino,nome masculino,ja·co·bi·nokabbfússia,nome feminino,kabb·fús·si·a
kabuki,nome masculino,ka·bu·ki
kafkiana,nome feminino,kaf·ki·a·na
kafkiano,nome masculino,kaf·ki·a·no
kafkiano,adjetivo,kaf·ki·a·no
kalash,nome feminino,ka·lash
kalashnikov,nome feminino,ka·lash·ni·kov
kamasutra,nome masculino,ka·ma·su·tra
kamikaze,nome masculino,ka·mi·ka·ze
kamikaze,adjetivo,ka·mi·ka·ze
kamoka,nome feminino,ka·mo·ka
kantiana,nome feminino,kan·ti·a·na
kantiano,adjetivo,kan·ti·a·no
kantiano,nome masculino,kan·ti·a·no
kantismo,nome masculino,kan·tis·mo
kantista,nome masculino,kan·tis·ta
kantista,adjetivo,kan·tis·ta
kantista,nome feminino,kan·tis·ta
kanvuanza,nome feminino,kan·vu·an·za
karaoke,nome masculino,ka·ra·o·ke
karatê,nome masculino,ka·ra·tê
karaté,nome masculino,ka·ra·té
karateca,nome masculino,ka·ra·te·ca
karateca,nome feminino,ka·ra·te·ca
karbovanet,nome masculino,kar·bo·va·net
karma,nome masculino,kar·ma
kart,nome masculino,kart
karting,nome masculino,kar·ting
kartista,nome masculino,kar·tis·ta
kartista,nome feminino,kar·tis·ta
kartódromo,nome masculino,kar·tó·dro·mo
kasba,nome feminino,kas·ba
kassumbular,nome masculino,kas·sum·bu·lar
kayak,nome masculino,kay·ak
kazaniano,adjetivo,ka·za·ni·a·no
kcoeléria,nome feminino,kco·e·lé·ri·a
keewatiniano,adjetivo,ke·e·wa·ti·ni·a·no
keffieh,nome masculino,kef·fieh
kefir,nome masculino,ke·fir
kelvin,nome masculino,kel·vin
kelvin,adjetivo,kel·vin
kendo,nome masculino,ken·do
kennédia,nome feminino,ken·né·di·a
kepléria,nome feminino,ke·plé·ri·a
kepleriano,adjetivo,ke·ple·ri·a·no
kernita,nome feminino,ker·ni·ta
kérria,nome feminino,kér·ri·a
ketchup,nome masculino,ket·chup
keuperiano,adjetivo,keu·pe·ri·a·no
keweenawiano,adjetivo,ke·we·e·na·wi·a·no
keynesianismo,nome masculino,key·ne·si·a·nis·mo
keyserlinguiano,adjetivo,key·ser·lin·gui·a·no
kibutz,nome masculino,ki·butz
kickboxer,nome masculino,kick·bo·xer
kickboxer,nome feminino,kick·bo·xer
kickboxing,nome masculino,kick·bo·xing
kierkegaardiano,adjetivo,kier·ke·gaar·di·a·no
kierkegaardiano,nome masculino,kier·ke·gaar·di·a·no
kilim,adjetivo,ki·lim
kilim,nome masculino,ki·lim
kilo,nome masculino,ki·lo
kiloampere,nome masculino,ki·lo·am·pe·re
kilobit,nome masculino,ki·lo·bit
kilobyte,nome masculino,ki·lo·by·te
kilocoulomb,nome masculino,ki·lo·cou·lomb
kilohertz,nome masculino,ki·lo·hertz
kilojoule,nome masculino,ki·lo·jou·le
kiloparsec,nome masculino,ki·lo·par·sec
kilotonelada,nome feminino,ki·lo·to·ne·la·da
kilovolt,nome masculino,ki·lo·volt
kilovolt-ampere,nome masculino,ki·lo·volt-am·pe·re
kilowatt,nome masculino,ki·lo·watt
kilowatt-hora,nome masculino,ki·lo·watt-ho·ra
kilt,nome masculino,kilt
kimberlite,nome feminino,kim·ber·li·te
kimberlito,nome masculino,kim·ber·li·to
kimmeridgiano,adjetivo,kim·me·rid·gi·a·no
kimmerídgico,adjetivo,kim·me·ríd·gi·co
kimono,nome masculino,ki·mo·no
kina,nome masculino,ki·na
king,nome masculino,king
kip,nome masculino,kip
kirganélia,nome feminino,kir·ga·né·li·a
kiribatiano,adjetivo,ki·ri·ba·ti·a·no
kiribatiano,nome masculino,ki·ri·ba·ti·a·no
kiribatino,adjetivo,ki·ri·ba·ti·no
kiribatino,nome masculino,ki·ri·ba·ti·no
kírie,nome masculino,kí·rie
kirsch,nome masculino,kirsch
kit,nome masculino,kit
kitchenette,nome feminino,kit·che·net·te
kitsch,adjetivo,kitsch
kitsch,nome masculino,kitsch
kiwi,nome masculino,ki·wi
kizomba,nome feminino,ki·zom·ba
kjökkenmödding,nome masculino,kjök·ken·möd·ding
klaprothina,nome feminino,kla·prot·hi·na
klaprothite,nome feminino,kla·prot·hi·te
klaxon,nome feminino,kla·xon
kleenex,nome feminino,klee·nexlã,nome feminino,lã
lá,advérbio,lá
lá,nome masculino,lá
labaça,nome feminino,la·ba·ça
labaçal,nome masculino,la·ba·çal
labaceiro,adjetivo,la·ba·cei·ro
labaçol,nome masculino,la·ba·çol
labadismo,nome masculino,la·ba·dis·mo
labadista,adjetivo,la·ba·dis·ta
labadista,nome masculino,la·ba·dis·ta
labadista,nome feminino,la·ba·dis·ta
labareda,nome feminino,la·ba·re·da
labareda,nome masculino,la·ba·re·da
lábaro,nome masculino,lá·ba·ro
labátia,nome feminino,la·bá·ti·a
labdacismo,nome masculino,lab·da·cis·mo
lábdano,nome masculino,láb·da·no
labelado,adjetivo,la·be·la·do
labelo,nome masculino,la·be·lo
labéu,nome masculino,la·béu
lábia,nome feminino,lá·bi·a
labiada,nome feminino,la·bi·a·da
labiado,adjetivo,la·bi·a·do
labiado,nome masculino,la·bi·a·do
labial,nome feminino,la·bi·al
labial,adjetivo,la·bi·al
labialismo,nome masculino,la·bi·a·lis·mo
labialização,nome feminino,la·bi·a·li·za·ção
labializado,adjetivo,la·bi·a·li·za·do
labializado,nome masculino,la·bi·a·li·za·do
labializar,verbo,la·bi·a·li·zar
labiatiflora,nome feminino,la·bi·a·ti·flo·ra
labiatiforme,adjetivo,la·bi·a·ti·for·me
labicano,nome masculino,la·bi·ca·no
labicano,adjetivo,la·bi·ca·no
labico,adjetivo,la·bi·co
labico,nome masculino,la·bi·co
lábido,nome masculino,lá·bi·do
labidóforo,adjetivo,la·bi·dó·fo·ro
labidométrico,adjetivo,la·bi·do·mé·tri·co
labidómetro,nome masculino,la·bi·dó·me·tro
labidômetro,nome masculino,la·bi·dô·me·tro
labidóstomo,nome masculino,la·bi·dós·to·mo
labiduro,adjetivo,la·bi·du·ro
lábil,adjetivo,lá·bil
labilidade,nome feminino,la·bi·li·da·de
labímetro,nome masculino,la·bí·me·tro
lábio,nome masculino,lá·bi·o
labiodental,nome feminino,la·bi·o·den·tal
labiodental,adjetivo,la·bi·o·den·tal
labiográfico,adjetivo,la·bi·o·grá·fi·co
labiógrafo,nome masculino,la·bi·ó·gra·fo
labiograma,nome masculino,la·bi·o·gra·ma
labiologia,nome feminino,la·bi·o·lo·gi·a
labiológico,adjetivo,la·bi·o·ló·gi·co
labionasal,nome feminino,la·bi·o·na·sal
labionasal,adjetivo,la·bi·o·na·sal
labioso,adjetivo,la·bi·o·so
labiovelar,nome feminino,la·bi·o·ve·lar
labiovelar,adjetivo,la·bi·o·ve·lar
labiríntico,adjetivo,la·bi·rín·ti·co
labirintiforme,adjetivo,la·bi·rin·ti·for·me
labirintite,nome feminino,la·bi·rin·ti·te
labirinto,nome masculino,la·bi·rin·to
labirintodontes,nome masculino,la·bi·rin·to·don·tes
labita,nome masculino,la·bi·ta
labita,nome feminino,la·bi·ta
labor,nome masculino,la·bor
laboração,nome feminino,la·bo·ra·ção
laboral,adjetivo,la·bo·ral
laborar,verbo,la·bo·rar
laboratorial,adjetivo,la·bo·ra·to·ri·al
laboratorialmente,advérbio,la·bo·ra·to·ri·al·men·te
laboratório,nome masculino,la·bo·ra·tó·ri·o
laboratorista,nome masculino,la·bo·ra·to·ris·ta
laboratorista,nome feminino,la·bo·ra·to·ris·ta
laboriosamente,advérbio,la·bo·ri·o·sa·men·te
laboriosidade,nome feminino,la·bo·ri·o·si·da·de
laborioso,adjetivo,la·bo·ri·o·so
laborismo,nome masculino,la·bo·ris·mo
laborista,adjetivo,la·bo·ris·ta
laborista,nome masculino,la·bo·ris·ta
laborista,nome feminino,la·bo·ris·ta
labrador,nome masculino,la·bra·dor
labradorita,nome feminino,la·bra·do·ri·ta
labradorite,nome feminino,la·bra·do·ri·te
labradorítico,adjetivo,la·bra·do·rí·ti·co
labrega,nome feminino,la·bre·ga
labregada,nome feminino,la·bre·ga·da
labregar,verbo,la·bre·gar
labrego,nome masculino,la·bre·go
labrego,adjetivo,la·bre·go
labreguice,nome feminino,la·bre·gui·ce
labrestada,nome feminino,la·bres·ta·da
labrestar,verbo,la·bres·tar
labresto,nome masculino,la·bres·to
lábrida,nome masculino,lá·bri·da
labrídeo,nome masculino,la·brí·de·o
labrídeo,adjetivo,la·brí·de·o
labro,nome masculino,la·bromá,nome feminino,má
má-criação,nome feminino,má-cri·a·ção
má-criadice,nome feminino,má-cri·a·di·ce
má-fé,nome feminino,má-fé
má-língua,adjetivo,má-lín·gua
má-língua,nome masculino,má-lín·gua
má-língua,nome feminino,má-lín·gua
má-raios,interjeição,má-rai·os
maamba,nome feminino,ma·am·ba
maamúdi,nome masculino,ma·a·mú·di
maari,nome masculino,ma·a·ri
maatma,nome masculino,ma·at·ma
maba,nome masculino,ma·ba
mabaça,adjetivo,ma·ba·ça
mabaça,nome masculino,ma·ba·ça
mabaça,nome feminino,ma·ba·ça
mabala,nome feminino,ma·ba·la
mabalanganga,adjetivo,ma·ba·lan·gan·ga
mabandidos,nome masculino,ma·ban·di·dos
mabanga,nome feminino,ma·ban·ga
mabate,nome masculino,ma·ba·te
mabeco,nome masculino,ma·be·co
mabeia,nome feminino,ma·bei·a
mabela,nome feminino,ma·be·la
mabiú,adjetivo,ma·bi·ú
mabiú,nome masculino,ma·bi·ú
mabiú,nome feminino,ma·bi·ú
mablembê,nome masculino,ma·blem·bê
maboca,nome feminino,ma·bo·ca
maboia,nome feminino,ma·boi·a
mabole,nome masculino,ma·bo·le
maboque,nome masculino,ma·bo·que
mabounga,nome feminino,ma·bo·un·ga
mabrindado,adjetivo,ma·brin·da·do
mabrindado,nome masculino,ma·brin·da·do
mabu,nome feminino,ma·bu
mabuba,nome feminino,ma·bu·ba
mabululos,nome masculino,ma·bu·lu·los
mabululu,nome masculino,ma·bu·lu·lu
mabunda,nome feminino,ma·bun·da
mabuno,nome masculino,ma·bu·no
mabuta,nome masculino,ma·bu·ta
maca,nome feminino,ma·ca
maçã,nome feminino,ma·çã
maça,nome feminino,ma·ça
macá,nome masculino,ma·cá
maçã de Adão,nome feminino,ma·çã de A·dão
macaba,nome feminino,ma·ca·ba
macabeia,nome feminino,ma·ca·bei·a
macabeu,nome masculino,ma·ca·beu
macabeu,adjetivo,ma·ca·beu
macabire,adjetivo,ma·ca·bi·re
macabire,nome masculino,ma·ca·bi·re
macabire,nome feminino,ma·ca·bi·re
macabramente,advérbio,ma·ca·bra·men·te
macabrear,verbo,ma·ca·bre·ar
macabrismo,nome masculino,ma·ca·bris·mo
macabro,adjetivo,ma·ca·bro
macaca,nome feminino,ma·ca·ca
macacacau,nome masculino,ma·ca·ca·cau
macacada,nome feminino,ma·ca·ca·da
macacal,adjetivo,ma·ca·cal
macacal,nome masculino,ma·ca·cal
macacalhada,nome feminino,ma·ca·ca·lha·da
macacão,nome masculino,ma·ca·cão
macacar,verbo,ma·ca·car
macáçar,adjetivo,ma·cá·çar
macáçar,nome masculino,ma·cá·çar
macáçar,nome feminino,ma·cá·çar
macaçarês,adjetivo,ma·ca·ça·rês
macaçarês,nome masculino,ma·ca·ça·rês
macacaria,nome feminino,ma·ca·ca·ri·a
macacaúba,nome feminino,ma·ca·ca·ú·ba
macaco,nome masculino,ma·ca·co
macaco,adjetivo,ma·ca·co
macacoa,nome feminino,ma·ca·co·a
macacório,adjetivo,ma·ca·có·ri·o
macacório,nome masculino,ma·ca·có·ri·o
macaçote,nome masculino,ma·ca·ço·te
maçacoto,nome masculino,ma·ça·co·to
maçacroco,nome masculino,ma·ça·cro·co
macacu,nome masculino,ma·ca·cu
maçacuca,nome feminino,ma·ça·cu·ca
maçada,nome feminino,ma·ça·da
macadame,nome masculino,ma·ca·da·me
macadâmia,nome feminino,ma·ca·dâ·mi·a
macadamização,nome feminino,ma·ca·da·mi·za·ção
macadamizado,adjetivo,ma·ca·da·mi·za·do
macadamizar,verbo,ma·ca·da·mi·zar
maçadeiro,nome masculino,ma·ça·dei·ro
maçadela,nome feminino,ma·ça·de·la
maçadiço,adjetivo,ma·ça·di·ço
maçado,adjetivo,ma·ça·do
maçadoiro,nome masculino,ma·ça·doi·ro
maçador,adjetivo,ma·ça·dor
maçador,nome masculino,ma·ça·dor
maçadora,nome feminino,ma·ça·do·ra
maçadoria,nome feminino,ma·ça·do·ri·a
maçadouro,nome masculino,ma·ça·dou·ro
maçadura,nome feminino,ma·ça·du·ranaalianismo,nome masculino,na·a·li·a·nis·mo
naaliano,adjetivo,na·a·li·a·no
naaliano,nome masculino,na·a·li·a·no
naanarvalo,adjetivo,na·a·nar·va·lo
naanarvalo,nome masculino,na·a·nar·va·lo
naba,nome feminino,na·ba
nababesco,adjetivo,na·ba·bes·co
nababia,nome feminino,na·ba·bi·a
nabábico,adjetivo,na·bá·bi·co
nababo,nome masculino,na·ba·bo
nabada,nome feminino,na·ba·da
nabal,nome masculino,na·bal
nabalense,adjetivo,na·ba·len·se
nabalense,nome masculino,na·ba·len·se
nabalense,nome feminino,na·ba·len·se
nabantina,nome feminino,na·ban·ti·na
nabantino,nome masculino,na·ban·ti·no
nabantino,adjetivo,na·ban·ti·no
nabateu,adjetivo,na·ba·teu
nabateu,nome masculino,na·ba·teu
nabiça,nome feminino,na·bi·ça
nabiçal,nome masculino,na·bi·çal
nábida,nome masculino,ná·bi·da
nabídeo,nome masculino,na·bí·de·o
nabídeo,adjetivo,na·bí·de·o
nabinha,nome feminino,na·bi·nha
nabinheira,nome feminino,na·bi·nhei·ra
náblio,nome masculino,ná·bli·o
nablo,nome masculino,na·blo
nablônio,nome masculino,na·blô·ni·o
nablónio,nome masculino,na·bló·ni·o
nabo,nome masculino,na·bo
nabo-da-américa,nome masculino,na·bo-da-a·mé·ri·ca
nabo-da-suécia,nome masculino,na·bo-da-su·é·ci·a
naca,nome feminino,na·ca
nacada,nome feminino,na·ca·da
nação,nome feminino,na·ção
nácar,nome masculino,ná·car
nacara,nome masculino,na·ca·ra
nacarado,adjetivo,na·ca·ra·do
nacarar,verbo,na·ca·rar
nacarino,adjetivo,na·ca·ri·no
nacarizar,verbo,na·ca·ri·zar
naceja,nome feminino,na·ce·ja
nacela,nome feminino,na·ce·la
nachenim,nome masculino,na·che·nim
nacho,adjetivo,na·cho
nacibo,nome masculino,na·ci·bo
nacimento,nome masculino,na·ci·men·to
nacional,nome masculino,na·ci·o·nal
nacional,adjetivo,na·ci·o·nal
nacional,nome feminino,na·ci·o·nal
nacional-sindicalismo,nome masculino,na·ci·o·nal-sin·di·ca·lis·mo
nacional-sindicalista,adjetivo,na·ci·o·nal-sin·di·ca·lis·ta
nacional-sindicalista,nome masculino,na·ci·o·nal-sin·di·ca·lis·ta
nacional-sindicalista,nome feminino,na·ci·o·nal-sin·di·ca·lis·ta
nacional-socialismo,nome masculino,na·ci·o·nal-so·ci·a·lis·mo
nacional-socialista,nome masculino,na·ci·o·nal-so·ci·a·lis·ta
nacional-socialista,adjetivo,na·ci·o·nal-so·ci·a·lis·ta
nacional-socialista,nome feminino,na·ci·o·nal-so·ci·a·lis·ta
nacionalidade,nome feminino,na·ci·o·na·li·da·de
nacionalismo,nome masculino,na·ci·o·na·lis·mo
nacionalista,nome masculino,na·ci·o·na·lis·ta
nacionalista,adjetivo,na·ci·o·na·lis·ta
nacionalista,nome feminino,na·ci·o·na·lis·ta
nacionalisticamente,advérbio,na·ci·o·na·lis·ti·ca·men·te
nacionalístico,adjetivo,na·ci·o·na·lís·ti·co
nacionalização,nome feminino,na·ci·o·na·li·za·ção
nacionalizado,adjetivo,na·ci·o·na·li·za·do
nacionalizado,nome masculino,na·ci·o·na·li·za·do
nacionalizador,adjetivo,na·ci·o·na·li·za·dor
nacionalizador,nome masculino,na·ci·o·na·li·za·dor
nacionalizando,nome masculino,na·ci·o·na·li·zan·do
nacionalizar,verbo,na·ci·o·na·li·zar
nacionalizável,adjetivo,na·ci·o·na·li·zá·vel
nacionalmente,advérbio,na·ci·o·nal·men·te
naco,nome masculino,na·co
nacre,nome masculino,na·cre
nacrita,nome feminino,na·cri·ta
nacrite,nome feminino,na·cri·te
nada,advérbio,na·da
nada,pronome indefinido,na·da
nada,nome masculino,na·da
nada,nome feminino,na·da
nada-morta,nome feminino,na·da-mor·ta
nadabau,nome masculino,na·da·bau
nadadeira,nome feminino,na·da·dei·ra
nadador,adjetivo,na·da·dor
nadador,nome masculino,na·da·dor
nadador-salvador,nome masculino,na·da·dor-sal·va·dor
nadadora,nome feminino,na·da·do·ra
nadadouro,nome masculino,na·da·dou·ro
nadadura,nome feminino,na·da·du·ra
nadante,adjetivo,na·dan·te
nadar,verbo,na·dar
nádega,nome feminino,ná·de·ga
nadegada,nome feminino,na·de·ga·da
nadegudo,adjetivo,na·de·gu·do
nadegueiro,adjetivo,na·de·guei·ro
nadegueiro,nome masculino,na·de·guei·roó,interjeição,ó
o,artigo definido,o
o,pronome demostrativo,o
o,pronome pessoal,o
oanaçu,nome masculino,o·a·na·çu
oanandi,nome masculino,o·a·nan·di
oanani,nome masculino,o·a·na·ni
oariana,nome feminino,o·a·ri·a·na
oaristo,nome masculino,o·a·ris·to
oasiano,adjetivo,o·a·si·a·no
oasiano,nome masculino,o·a·si·a·no
oásico,adjetivo,o·á·si·co
oásis,nome masculino,o·á·sis
ob-repção,nome feminino,ob-rep·ção
ob-repticiamente,advérbio,ob-rep·ti·ci·a·men·te
ob-reptício,adjetivo,ob-rep·tí·ci·o
ob-rogação,nome feminino,ob-ro·ga·ção
ob-rogar,verbo,ob-ro·gar
obá,nome masculino,o·bá
oba,interjeição,o·ba
oba,nome feminino,o·ba
obarana,nome feminino,o·ba·ra·na
obaudição,nome feminino,o·bau·di·ção
obcecação,nome feminino,ob·ce·ca·ção
obcecada,nome feminino,ob·ce·ca·da
obcecadamente,advérbio,ob·ce·ca·da·men·te
obcecado,adjetivo,ob·ce·ca·do
obcecado,nome masculino,ob·ce·ca·do
obcecador,adjetivo,ob·ce·ca·dor
obcecador,nome masculino,ob·ce·ca·dor
obcecante,adjetivo,ob·ce·can·te
obcecar,verbo,ob·ce·car
obcláveo,adjetivo,ob·clá·ve·o
obcomprimido,adjetivo,ob·com·pri·mi·do
obcônico,adjetivo,ob·cô·ni·co
obcónico,adjetivo,ob·có·ni·co
obcordado,adjetivo,ob·cor·da·do
obcordiforme,adjetivo,ob·cor·di·for·me
obcorrente,adjetivo,ob·cor·ren·te
obdentado,adjetivo,ob·den·ta·do
obdução,nome feminino,ob·du·ção
obducente,adjetivo,ob·du·cen·te
obducto,adjetivo,ob·duc·to
obduração,nome feminino,ob·du·ra·ção
obdurador,adjetivo,ob·du·ra·dor
obdurador,nome masculino,ob·du·ra·dor
obdurar,verbo,ob·du·rar
obduto,adjetivo,ob·du·to
obedecer,verbo,o·be·de·cer
obedecido,adjetivo,o·be·de·ci·do
obediência,nome feminino,o·be·di·ên·ci·a
obediencial,nome masculino,o·be·di·en·ci·al
obediencial,adjetivo,o·be·di·en·ci·al
obediente,adjetivo,o·be·di·en·te
obediente,nome feminino,o·be·di·en·te
obediente,nome masculino,o·be·di·en·te
obedientemente,advérbio,o·be·di·en·te·men·te
obélia,nome feminino,o·bé·li·a
obélio,nome masculino,o·bé·li·o
obélion,nome masculino,o·bé·li·on
obeliscal,adjetivo,o·be·lis·cal
obeliscária,nome feminino,o·be·lis·cá·ri·a
obelisco,nome masculino,o·be·lis·co
obeliscolícnio,nome masculino,o·be·lis·co·líc·ni·o
óbelo,nome masculino,ó·be·lo
oberado,adjetivo,o·be·ra·do
oberar,verbo,o·be·rar
oberónia,nome feminino,o·be·ró·ni·a
oberônia,nome feminino,o·be·rô·ni·a
obesidade,nome feminino,o·be·si·da·de
obesífugo,adjetivo,o·be·sí·fu·go
obeso,adjetivo,o·be·so
obfirmadamente,advérbio,ob·fir·ma·da·men·te
obfirmado,adjetivo,ob·fir·ma·do
obfirmar,verbo,ob·fir·mar
obi,nome masculino,o·bi
óbice,nome masculino,ó·bi·ce
obidense,nome masculino,o·bi·den·se
obidense,adjetivo,o·bi·den·se
obidense,nome feminino,o·bi·den·se
óbito,nome masculino,ó·bi·to
obituário,adjetivo,o·bi·tu·á·ri·o
obituário,nome masculino,o·bi·tu·á·ri·o
objeção,nome feminino,ob·je·ção
objecção,nome feminino,ob·jec·ção
objectado,adjetivo,ob·jec·ta·do
objectal,adjetivo,ob·jec·tal
objectante,adjetivo,ob·jec·tan·te
objectante,nome masculino,ob·jec·tan·te
objectante,nome feminino,ob·jec·tan·te
objectar,verbo,ob·jec·tar
objectável,adjetivo,ob·jec·tá·vel
objectiva,nome feminino,ob·jec·ti·va
objectivação,nome feminino,ob·jec·ti·va·ção
objectivado,adjetivo,ob·jec·ti·va·do
objectivador,adjetivo,ob·jec·ti·va·dor
objectivamente,advérbio,ob·jec·ti·va·men·te
objectivar,verbo,ob·jec·ti·var
objectivável,adjetivo,ob·jec·ti·vá·vel
objectividade,nome feminino,ob·jec·ti·vi·da·depá,interjeição,pá
pá,nome masculino,pá
pá,nome feminino,pá
paanga,nome masculino,pa·an·ga
pabulagem,nome feminino,pa·bu·la·gem
pabular,verbo,pa·bu·lar
pábulo,nome masculino,pá·bu·lo
pábulo,adjetivo,pá·bu·lo
paca,nome feminino,pa·ca
paca,adjetivo,pa·ca
pacabote,nome masculino,pa·ca·bo·te
pacaça,nome feminino,pa·ca·ça
pacajá,adjetivo,pa·ca·já
pacajá,nome masculino,pa·ca·já
pacajá,nome feminino,pa·ca·já
pacalho,nome masculino,pa·ca·lho
pacamão,nome masculino,pa·ca·mão
pação,nome masculino,pa·ção
pação,adjetivo,pa·ção
pacapaca,nome feminino,pa·ca·pa·ca
pacará,nome masculino,pa·ca·rá
pacaratepu,nome masculino,pa·ca·ra·te·pu
pacari,nome masculino,pa·ca·ri
pacata,nome feminino,pa·ca·ta
pacatamente,advérbio,pa·ca·ta·men·te
pacatez,nome feminino,pa·ca·tez
pacato,adjetivo,pa·ca·to
pacato,nome masculino,pa·ca·to
pacatório,adjetivo,pa·ca·tó·ri·o
pacau,nome masculino,pa·cau
pacavira,nome feminino,pa·ca·vi·ra
páccie,adjetivo,pác·ci·e
páccie,nome masculino,pác·ci·e
páccie,nome feminino,pác·ci·e
paceiro,adjetivo,pa·cei·ro
paceiro,nome masculino,pa·cei·ro
paceiro-mor,nome masculino,pa·cei·ro-mor
pacemaker,nome masculino,pa·ce·ma·ker
pacenha,nome feminino,pa·ce·nha
pacenho,nome masculino,pa·ce·nho
pacenho,adjetivo,pa·ce·nho
pacense,nome masculino,pa·cen·se
pacense,adjetivo,pa·cen·se
pacense,nome feminino,pa·cen·se
pachacim,nome masculino,pa·cha·cim
pacharil,nome masculino,pa·cha·ril
pacharro,nome masculino,pa·char·ro
pachavelão,nome masculino,pa·cha·ve·lão
pachecada,nome feminino,pa·che·ca·da
pachecal,adjetivo,pa·che·cal
pachel,nome masculino,pa·chel
pachelgas,nome masculino,pa·chel·gas
pachequice,nome feminino,pa·che·qui·ce
pacho,nome masculino,pa·cho
pachochada,nome feminino,pa·cho·cha·da
pachocho,nome masculino,pa·cho·cho
pachola,nome masculino,pa·cho·la
pachola,adjetivo,pa·cho·la
pachola,nome feminino,pa·cho·la
pacholice,nome feminino,pa·cho·li·ce
pachorra,nome feminino,pa·chor·ra
pachorrentamente,advérbio,pa·chor·ren·ta·men·te
pachorrento,adjetivo,pa·chor·ren·to
pachouchada,nome feminino,pa·chou·cha·da
pachoucheta,nome feminino,pa·chou·che·ta
pachuli,nome masculino,pa·chu·li
paciência,nome feminino,pa·ci·ên·ci·a
paciência,interjeição,pa·ci·ên·ci·a
pacientar,verbo,pa·ci·en·tar
paciente,nome masculino,pa·ci·en·te
paciente,adjetivo,pa·ci·en·te
paciente,nome feminino,pa·ci·en·te
pacientemente,advérbio,pa·ci·en·te·men·te
pacificação,nome feminino,pa·ci·fi·ca·ção
pacificado,adjetivo,pa·ci·fi·ca·do
pacificador,adjetivo,pa·ci·fi·ca·dor
pacificador,nome masculino,pa·ci·fi·ca·dor
pacificadora,nome feminino,pa·ci·fi·ca·do·ra
pacificamente,advérbio,pa·ci·fi·ca·men·te
pacificar,verbo,pa·ci·fi·car
pacificável,adjetivo,pa·ci·fi·cá·vel
pacificidade,nome feminino,pa·ci·fi·ci·da·de
pacífico,adjetivo,pa·cí·fi·co
pacífico,nome masculino,pa·cí·fi·co
pacifismo,nome masculino,pa·ci·fis·mo
pacifista,adjetivo,pa·ci·fis·ta
pacifista,nome masculino,pa·ci·fis·ta
pacifista,nome feminino,pa·ci·fis·ta
pacivira,nome feminino,pa·ci·vi·ra
pack,nome masculino,pack
package,nome masculino,pac·ka·ge
paco,nome masculino,pa·co
paço,nome masculino,pa·ço
paço-ferreirense,adjetivo,pa·ço-fer·rei·ren·se
paço-ferreirense,nome masculino,pa·ço-fer·rei·ren·se
paço-ferreirense,nome feminino,pa·ço-fer·rei·ren·se
pacoba,nome feminino,pa·co·ba
pacobala,nome feminino,pa·co·ba·la
pacobalo,nome masculino,pa·co·ba·lo
pacobeira,nome feminino,pa·co·bei·raquacacuja,nome masculino,qua·ca·cu·ja
quacre,nome masculino,qua·cre
quacriano,adjetivo,qua·cri·a·no
quacrismo,nome masculino,qua·cris·mo
quaderna,nome feminino,qua·der·na
quadernado,adjetivo,qua·der·na·do
quadernal,nome masculino,qua·der·nal
quado,adjetivo,qua·do
quado,nome masculino,qua·do
quadra,nome feminino,qua·dra
quadraçal,nome masculino,qua·dra·çal
quadrada,nome feminino,qua·dra·da
quadradinho,nome masculino,qua·dra·di·nho
quadradito,nome masculino,qua·dra·di·to
quadrado,adjetivo,qua·dra·do
quadrado,nome masculino,qua·dra·do
quadrador,adjetivo,qua·dra·dor
quadrador,nome masculino,qua·dra·dor
quadradozinho,nome masculino,qua·dra·do·zi·nho
quadradozito,nome masculino,qua·dra·do·zi·to
quadradura,nome feminino,qua·dra·du·ra
quadragenária,nome feminino,qua·dra·ge·ná·ri·a
quadragenário,adjetivo,qua·dra·ge·ná·ri·o
quadragenário,nome masculino,qua·dra·ge·ná·ri·o
quadragésima,nome feminino,qua·dra·gé·si·ma
quadragesimal,adjetivo,qua·dra·ge·si·mal
quadragésimo,adjetivo,qua·dra·gé·si·mo
quadragésimo,número ordinal,qua·dra·gé·si·mo
quadragésimo,nome masculino,qua·dra·gé·si·mo
quadragésimo,número fraccional,qua·dra·gé·si·mo
quadrangulação,nome feminino,qua·dran·gu·la·ção
quadrangulado,adjetivo,qua·dran·gu·la·do
quadrangular,nome masculino,qua·dran·gu·lar
quadrangular,adjetivo,qua·dran·gu·lar
quadrangularmente,advérbio,qua·dran·gu·lar·men·te
quadrângulo,nome masculino,qua·drân·gu·lo
quadrantal,adjetivo,qua·dran·tal
quadrantal,nome masculino,qua·dran·tal
quadrante,nome masculino,qua·dran·te
quadrar,verbo,qua·drar
quadrático,adjetivo,qua·drá·ti·co
quadratífero,adjetivo,qua·dra·tí·fe·ro
quadratim,nome masculino,qua·dra·tim
quadratriz,nome feminino,qua·dra·triz
quadratura,nome feminino,qua·dra·tu·ra
quadraturista,nome masculino,qua·dra·tu·ris·ta
quadraturista,nome feminino,qua·dra·tu·ris·ta
quadrável,adjetivo,qua·drá·vel
quadrazenho,adjetivo,qua·dra·ze·nho
quadrazenho,nome masculino,qua·dra·ze·nho
quadrela,nome feminino,qua·dre·la
quadrelo,nome masculino,qua·dre·lo
quadrialado,adjetivo,qua·dri·a·la·do
quadriângulo,nome masculino,qua·dri·ân·gu·lo
quadribásico,adjetivo,qua·dri·bá·si·co
quadriburgense,nome masculino,qua·dri·bur·gen·se
quadriburgense,adjetivo,qua·dri·bur·gen·se
quadriburgense,nome feminino,qua·dri·bur·gen·se
quadribúrgio,adjetivo,qua·dri·búr·gi·o
quadribúrgio,nome masculino,qua·dri·búr·gi·o
quádrica,nome feminino,quá·dri·ca
quadricapsular,adjetivo,qua·dri·cap·su·lar
quadricarboneto,nome masculino,qua·dri·car·bo·ne·to
quadricelular,adjetivo,qua·dri·ce·lu·lar
quadricentenário,nome masculino,qua·dri·cen·te·ná·ri·o
quadricêntrico,adjetivo,qua·dri·cên·tri·co
quadríceps,nome masculino,qua·drí·ceps
quadriciclo,nome masculino,qua·dri·ci·clo
quadriciclo,adjetivo,qua·dri·ci·clo
quadricipital,adjetivo,qua·dri·ci·pi·tal
quadricípite,nome masculino,qua·dri·cí·pi·te
quadricolor,adjetivo,qua·dri·co·lor
quadricórneo,adjetivo,qua·dri·cór·ne·o
quadricotiledôneo,adjetivo,qua·dri·co·ti·le·dô·ne·o
quadricotiledóneo,adjetivo,qua·dri·co·ti·le·dó·ne·o
quadricromia,nome feminino,qua·dri·cro·mi·a
quadrícula,nome feminino,qua·drí·cu·la
quadriculado,adjetivo,qua·dri·cu·la·do
quadriculado,nome masculino,qua·dri·cu·la·do
quadricular,verbo,qua·dri·cu·lar
quadricular,adjetivo,qua·dri·cu·lar
quadrículo,nome masculino,qua·drí·cu·lo
quadricúspide,adjetivo,qua·dri·cús·pi·de
quadridecimal,adjetivo,qua·dri·de·ci·mal
quadridentado,adjetivo,qua·dri·den·ta·do
quadridente,nome masculino,qua·dri·den·te
quadridigitado,adjetivo,qua·dri·di·gi·ta·do
quadrienal,adjetivo,qua·dri·e·nal
quadrienalmente,advérbio,qua·dri·e·nal·men·te
quadriénio,nome masculino,qua·dri·é·ni·o
quadriênio,nome masculino,qua·dri·ê·ni·o
quadriexagonal,adjetivo,qua·dri·e·xa·go·nal
quadrifário,adjetivo,qua·dri·fá·ri·o
quadrifendido,adjetivo,qua·dri·fen·di·do
quadrífido,adjetivo,qua·drí·fi·do
quadrifínio,nome masculino,qua·dri·fí·ni·o
quadriflóreo,adjetivo,qua·dri·fló·re·o
quadrifloro,adjetivo,qua·dri·flo·ro
quadrifoliado,adjetivo,qua·dri·fo·li·a·do
quadrifólio,nome masculino,qua·dri·fó·li·orã,nome feminino,rã
rá,nome masculino,rá
rabaça,nome feminino,ra·ba·ça
rabaça,nome masculino,ra·ba·ça
rabaçal,nome masculino,ra·ba·çal
rabaçal,adjetivo,ra·ba·çal
rabaçaria,nome feminino,ra·ba·ça·ri·a
rabaceiro,adjetivo,ra·ba·cei·ro
rabachola,nome masculino,ra·ba·cho·la
rabachola,nome feminino,ra·ba·cho·la
rabaço,nome masculino,ra·ba·ço
rabada,nome feminino,ra·ba·da
rabadão,nome masculino,ra·ba·dão
rabadela,nome feminino,ra·ba·de·la
rabadilha,nome feminino,ra·ba·di·lha
rabado,nome masculino,ra·ba·do
rabado,adjetivo,ra·ba·do
rabadoquim,nome masculino,ra·ba·do·quim
rabal,nome masculino,ra·bal
rabalva,nome feminino,ra·bal·va
rabalvo,adjetivo,ra·bal·vo
rabana,nome feminino,ra·ba·na
rabanada,nome feminino,ra·ba·na·da
rabanador,nome masculino,ra·ba·na·dor
rabanal,nome masculino,ra·ba·nal
rabanar,verbo,ra·ba·nar
rabanca,adjetivo,ra·ban·ca
rabaneação,nome feminino,ra·ba·ne·a·ção
rabaneadeira,nome feminino,ra·ba·ne·a·dei·ra
rabanear,verbo,ra·ba·ne·ar
rabanejo,nome masculino,ra·ba·ne·jo
rabanete,nome masculino,ra·ba·ne·te
rabanho,nome masculino,ra·ba·nho
rábano,nome masculino,rá·ba·no
rábano-bastardo,nome masculino,rá·ba·no-bas·tar·do
rábano-silvestre,nome masculino,rá·ba·no-sil·ves·tre
rabão,nome masculino,ra·bão
rábão,nome masculino,rá·bão
rabão,adjetivo,ra·bão
rabastel,nome masculino,ra·bas·tel
rabavento,adjetivo,ra·ba·ven·to
rabaz,adjetivo,ra·baz
rabdite,nome feminino,rab·di·te
rabditiforme,adjetivo,rab·di·ti·for·me
rabditoide,adjetivo,rab·di·toi·de
rabdocéleo,nome masculino,rab·do·cé·le·o
rabdofânio,nome masculino,rab·do·fâ·ni·o
rabdoide,adjetivo,rab·doi·de
rabdologia,nome feminino,rab·do·lo·gi·a
rabdológico,adjetivo,rab·do·ló·gi·co
rabdomancia,nome feminino,rab·do·man·ci·a
rabdomante,nome masculino,rab·do·man·te
rabdomante,nome feminino,rab·do·man·te
rabdomântico,adjetivo,rab·do·mân·ti·co
rabdomioma,nome masculino,rab·do·mi·o·ma
rabdomiossarcoma,nome masculino,rab·do·mi·os·sar·co·ma
rabdoscopia,nome feminino,rab·dos·co·pi·a
rabdoscópico,adjetivo,rab·dos·có·pi·co
rabdossoma,nome masculino,rab·dos·so·ma
rabdoteca,nome feminino,rab·do·te·ca
rabeador,adjetivo,ra·be·a·dor
rabeador,nome masculino,ra·be·a·dor
rabeadouro,nome masculino,ra·be·a·dou·ro
rabeadura,nome feminino,ra·be·a·du·ra
rabear,verbo,ra·be·ar
rabeca,nome feminino,ra·be·ca
rabeca,nome masculino,ra·be·ca
rabecada,nome feminino,ra·be·ca·da
rabecão,nome masculino,ra·be·cão
rabeco,nome masculino,ra·be·co
rabeio,nome masculino,ra·bei·o
rabeira,nome feminino,ra·bei·ra
rabeirada,nome feminino,ra·bei·ra·da
rabeiro,nome masculino,ra·bei·ro
rabeiro,adjetivo,ra·bei·ro
rabeja,nome feminino,ra·be·ja
rabejador,adjetivo,ra·be·ja·dor
rabejador,nome masculino,ra·be·ja·dor
rabejar,verbo,ra·be·jar
rabel,nome masculino,ra·bel
rabela,nome feminino,ra·be·la
rabelaico,adjetivo,ra·be·lai·co
rabelaisiana,nome feminino,ra·be·lai·si·a·na
rabelaisiano,adjetivo,ra·be·lai·si·a·no
rabelaisiano,nome masculino,ra·be·lai·si·a·no
rabelho,nome masculino,ra·be·lho
rabelo,adjetivo,ra·be·lo
rabelo,nome masculino,ra·be·lo
rabequear,verbo,ra·be·que·ar
rabequinha,nome feminino,ra·be·qui·nha
rabequista,adjetivo,ra·be·quis·ta
rabequista,nome masculino,ra·be·quis·ta
rabequista,nome feminino,ra·be·quis·ta
rabeta,nome masculino,ra·be·ta
rabeta,nome feminino,ra·be·ta
rabeta,adjetivo,ra·be·ta
rabeto,adjetivo,ra·be·to
rabi,nome masculino,ra·bi
rabi,adjetivo,ra·bi
rábia,nome feminino,rá·bi·asã,nome feminino,sã
sã-bento,nome masculino,sã-ben·to
sã-bernardo,nome masculino,sã-ber·nar·do
sã-borjense,adjetivo,sã-bor·jen·se
sã-braseira,nome feminino,sã-bra·sei·ra
sã-braseiro,nome masculino,sã-bra·sei·ro
sã-braseiro,adjetivo,sã-bra·sei·ro
sã-brasense,nome feminino,sã-bra·sen·se
sã-brasense,nome masculino,sã-bra·sen·se
sã-brasense,adjetivo,sã-bra·sen·se
sã-caetano,nome masculino,sã-ca·e·ta·no
sã-gonçalo,nome masculino,sã-gon·ça·lo
sã-joaneira,nome feminino,sã-jo·a·nei·ra
sã-joaneiro,adjetivo,sã-jo·a·nei·ro
sã-joaneiro,nome masculino,sã-jo·a·nei·ro
sã-joanense,nome feminino,sã-jo·a·nen·se
sã-joanense,nome masculino,sã-jo·a·nen·se
sã-joanense,adjetivo,sã-jo·a·nen·se
sã-joanino,adjetivo,sã-jo·a·ni·no
sã-luisense,nome feminino,sã-lui·sen·se
sã-luisense,nome masculino,sã-lui·sen·se
sã-luisense,adjetivo,sã-lui·sen·se
sã-luqueno,nome masculino,sã-lu·que·no
sã-luqueno,adjetivo,sã-lu·que·no
sã-martinho,nome masculino,sã-mar·ti·nho
sã-miguel,nome masculino,sã-mi·guel
sã-pedrense,nome feminino,sã-pe·dren·se
sã-pedrense,nome masculino,sã-pe·dren·se
sã-pedrense,adjetivo,sã-pe·dren·se
sã-pedro,nome masculino,sã-pe·dro
sã-romaneiro,nome masculino,sã-ro·ma·nei·ro
sã-romaneiro,adjetivo,sã-ro·ma·nei·ro
sã-tomé,nome masculino,sã-to·mé
sã-tomense,nome masculino,sã-to·men·se
sã-tomense,adjetivo,sã-to·men·se
sã-tomense,nome feminino,sã-to·men·se
saamona,nome feminino,sa·a·mo·na
saariana,nome feminino,sa·a·ri·a·na
saariano,adjetivo,sa·a·ri·a·no
saariano,nome masculino,sa·a·ri·a·no
saba,nome feminino,sa·ba
sabácia,nome feminino,sa·bá·ci·a
sabacu,nome masculino,sa·ba·cu
sabacuim,nome masculino,sa·ba·cu·im
sabadeador,adjetivo,sa·ba·de·a·dor
sabadeador,nome masculino,sa·ba·de·a·dor
sabadear,verbo,sa·ba·de·ar
sabadim,nome masculino,sa·ba·dim
sábado,nome masculino,sá·ba·do
sabagante,nome masculino,sa·ba·gan·te
sabaio,nome masculino,sa·bai·o
sabaísmo,nome masculino,sa·ba·ís·mo
sabal,nome masculino,sa·bal
sabanilha,nome feminino,sa·ba·ni·lha
sabão,nome masculino,sa·bão
sabão-vegetal,nome masculino,sa·
sabaote,nome masculino,sa·ba·o·te
sabasto,nome masculino,sa·bas·to
sabastro,nome masculino,sa·bas·tro
sabat,nome masculino,sa·bat
sabatário,adjetivo,sa·ba·tá·ri·o
sabatário,nome masculino,sa·ba·tá·ri·o
sabateno,nome masculino,sa·ba·te·no
sabateno,adjetivo,sa·ba·te·no
sabático,adjetivo,sa·bá·ti·co
sabatina,nome feminino,sa·ba·ti·na
sabatinar,verbo,sa·ba·ti·nar
sabatineiro,nome masculino,sa·ba·ti·nei·ro
sabatineiro,adjetivo,sa·ba·ti·nei·ro
sabatino,adjetivo,sa·ba·ti·no
sabatino,nome masculino,sa·ba·ti·no
sabatismo,nome masculino,sa·ba·tis·mo
sabatizar,verbo,sa·ba·ti·zar
sabável,adjetivo,sa·bá·vel
sabázia,nome feminino,sa·bá·zi·a
sabe,adjetivo,sa·be
sabe,advérbio,sa·be
sabe,nome masculino,sa·be
sabedor,adjetivo,sa·be·dor
sabedor,nome masculino,sa·be·dor
sabedora,nome feminino,sa·be·do·ra
sabedoramente,advérbio,sa·be·do·ra·men·te
sabedoria,nome feminino,sa·be·do·ri·a
sabeia,nome feminino,sa·bei·a
sabeísmo,nome masculino,sa·be·ís·mo
sabeísta,adjetivo,sa·be·ís·ta
sabeísta,nome masculino,sa·be·ís·ta
sabeísta,nome feminino,sa·be·ís·ta
sabeíta,adjetivo,sa·be·í·ta
sabeíta,nome masculino,sa·be·í·ta
sabeíta,nome feminino,sa·be·í·ta
sabela,nome feminino,sa·be·la
sabelária,nome feminino,sa·be·lá·ri·a
sabelianismo,nome masculino,sa·be·li·a·nis·mo
sabeliano,nome masculino,sa·be·li·a·no
sabélico,adjetivo,sa·bé·li·co
sabélico,nome masculino,sa·bé·li·co
sabelo,adjetivo,sa·be·lo
sabelo,nome masculino,sa·be·lo
sabença,nome feminino,sa·ben·çatá,interjeição,tá
tá,nome masculino,tá
taálique,nome masculino,ta·á·li·que
taanhé,nome masculino,ta·a·nhé
taba,nome feminino,ta·ba
tabacada,nome feminino,ta·ba·ca·da
tabacal,nome masculino,ta·ba·cal
tabacal,adjetivo,ta·ba·cal
tabacão,nome masculino,ta·ba·cão
tabacarana,nome feminino,ta·ba·ca·ra·na
tabacaria,nome feminino,ta·ba·ca·ri·a
tabacino,adjetivo,ta·ba·ci·no
tabaco,nome masculino,ta·ba·co
tabaco,adjetivo,ta·ba·co
tabacofilia,nome feminino,ta·ba·co·fi·li·a
tabacófilo,adjetivo,ta·ba·có·fi·lo
tabacófilo,nome masculino,ta·ba·có·fi·lo
tabacofobia,nome feminino,ta·ba·co·fo·bi·a
tabacófobo,adjetivo,ta·ba·có·fo·bo
tabacófobo,nome masculino,ta·ba·có·fo·bo
tabacologia,nome feminino,ta·ba·co·lo·gi·a
tabacológico,adjetivo,ta·ba·co·ló·gi·co
tabacomania,nome feminino,ta·ba·co·ma·ni·a
tabacomaníaco,adjetivo,ta·ba·co·ma·ní·a·co
tabacomaníaco,nome masculino,ta·ba·co·ma·ní·a·co
tabacómano,nome masculino,ta·ba·có·ma·no
tabacômano,nome masculino,ta·ba·cô·ma·no
tabacose,nome feminino,ta·ba·co·se
tabacoso,adjetivo,ta·ba·co·so
tabafeia,nome feminino,ta·ba·fei·a
tabafeira,nome feminino,ta·ba·fei·ra
tabágico,adjetivo,ta·bá·gi·co
tabagismo,nome masculino,ta·ba·gis·mo
tabagista,nome masculino,ta·ba·gis·ta
tabagista,adjetivo,ta·ba·gis·ta
tabagista,nome feminino,ta·ba·gis·ta
tabagístico,adjetivo,ta·ba·gís·ti·co
tabaiacu,nome masculino,ta·bai·a·cu
tabaibeira,nome feminino,ta·bai·bei·ra
tabaibo,nome masculino,ta·bai·bo
tabajara,nome masculino,ta·ba·ja·ra
tabajara,adjetivo,ta·ba·ja·ra
tabajara,nome feminino,ta·ba·ja·ra
tabalo,nome masculino,ta·ba·lo
tabana,nome feminino,ta·ba·na
tabanca,nome feminino,ta·ban·ca
tabanga,nome feminino,ta·ban·ga
tabânida,nome masculino,ta·bâ·ni·da
tabanídeo,nome masculino,ta·ba·ní·de·o
tabanídeo,adjetivo,ta·ba·ní·de·o
tabanídeo,nome masculino,ta·ba·ní·de·o
tabaniforme,adjetivo,ta·ba·ni·for·me
tabão,nome masculino,ta·bão
tabaque,nome masculino,ta·ba·que
tabaqueação,nome feminino,ta·ba·que·a·ção
tabaquear,verbo,ta·ba·que·ar
tabaqueira,nome feminino,ta·ba·quei·ra
tabaqueiro,nome masculino,ta·ba·quei·ro
tabaqueiro,adjetivo,ta·ba·quei·ro
tabaquismo,nome masculino,ta·ba·quis·mo
tabaquista,adjetivo,ta·ba·quis·ta
tabaquista,nome masculino,ta·ba·quis·ta
tabaquista,nome feminino,ta·ba·quis·ta
tabarana,nome feminino,ta·ba·ra·na
tabardão,nome masculino,ta·bar·dão
tabardete,nome masculino,ta·bar·de·te
tabardilão,nome masculino,ta·bar·di·lão
tabardilha,nome feminino,ta·bar·di·lha
tabardilho,nome masculino,ta·bar·di·lho
tabardo,nome masculino,ta·bar·do
tabaréu,nome masculino,ta·ba·réu
tabarito,nome masculino,ta·ba·ri·to
tabarrada,nome feminino,ta·bar·ra·da
tabarreira,nome feminino,ta·bar·rei·ra
tabarro,nome masculino,ta·bar·ro
tabatinga,nome feminino,ta·ba·tin·ga
tabatinguera,nome feminino,ta·ba·tin·gue·ra
tabaxir,nome masculino,ta·ba·xir
tabe,nome feminino,ta·be
tabebuia,nome feminino,ta·be·bui·a
tabedai,nome masculino,ta·be·dai
tabefe,nome masculino,ta·be·fe
tabela,nome feminino,ta·be·la
tabelada,nome feminino,ta·be·la·da
tabelado,adjetivo,ta·be·la·do
tabelamento,nome masculino,ta·be·la·men·to
tabelar,verbo,ta·be·lar
tabelar,adjetivo,ta·be·lar
tabelário,nome masculino,ta·be·lá·ri·o
tabelhão,nome masculino,ta·be·lhão
tabeliã,nome feminino,ta·be·li·ã
tabeliado,nome masculino,ta·be·li·a·do
tabelião,nome masculino,ta·be·li·ão
tabelião,adjetivo,ta·be·li·ão
tabeliar,verbo,ta·be·li·ar
tabelinha,nome feminino,ta·be·li·nha
tabelioa,nome feminino,ta·be·li·o·a
tabelioamente,advérbio,ta·be·li·o·a·men·te
tabelionado,nome masculino,ta·be·li·o·na·do
tabelional,adjetivo,ta·be·li·o·nal
u,advérbio,u
uabaína,nome feminino,u·a·ba·í·na
uaçaçu,nome masculino,u·a·ça·çu
uaçaí,nome masculino,u·a·ça·í
uacapu,nome masculino,u·a·ca·pu
uacapurana,nome feminino,u·a·ca·pu·ra·na
uacarauá,adjetivo,u·a·ca·rau·á
uacarauá,nome masculino,u·a·ca·rau·á
uacarauá,nome feminino,u·a·ca·rau·á
uacari,nome masculino,u·a·ca·ri
uacariguaçu,nome masculino,u·a·ca·ri·gua·çu
uacauã,nome masculino,u·a·cau·ã
uacumã,nome masculino,u·a·cu·mã
uacurau,nome masculino,u·a·cu·rau
uadadá,nome masculino,u·a·da·dá
uai,interjeição,u·ai
uaiá,adjetivo,u·ai·á
uaiá,nome masculino,u·ai·á
uaiá,nome feminino,u·ai·á
uaiapuçá,nome masculino,u·ai·a·pu·çá
uaicima,nome feminino,u·ai·ci·ma
uaieira,nome feminino,u·ai·ei·ra
uaimiri,adjetivo,u·ai·mi·ri
uaimiri,nome masculino,u·ai·mi·ri
uaimiri,nome feminino,u·ai·mi·ri
uainumá,adjetivo,u·ai·nu·má
uainumá,nome masculino,u·ai·nu·má
uainumá,nome feminino,u·ai·nu·má
uaipi,nome masculino,u·ai·pi
uajará,nome masculino,u·a·ja·rá
uajuru,nome masculino,u·a·ju·ru
uala,nome feminino,u·a·la
ualua,nome masculino,u·a·lu·a
ualua,nome feminino,u·a·lu·a
uamami,adjetivo,u·a·ma·mi
uamami,nome masculino,u·a·ma·mi
uamami,nome feminino,u·a·ma·mi
uambé,nome masculino,u·am·bé
uamiri,nome masculino,u·a·mi·ri
uanambé,nome masculino,u·a·nam·bé
uanana,adjetivo,u·a·na·na
uanana,nome masculino,u·a·na·na
uanana,nome feminino,u·a·na·na
uanga,nome masculino,u·an·ga
uanhi,nome masculino,u·a·nhi
uaniá,adjetivo,u·a·ni·á
uaniá,nome masculino,u·a·ni·á
uaniá,nome feminino,u·a·ni·á
uapaca,nome feminino,u·a·pa·ca
uapé,nome masculino,u·a·pé
uapixana,adjetivo,u·a·pi·xa·na
uapixana,nome masculino,u·a·pi·xa·na
uapixana,nome feminino,u·a·pi·xa·na
uapuçá,nome masculino,u·a·pu·çá
uaraicu,adjetivo,u·a·rai·cu
uaraicu,nome masculino,u·a·rai·cu
uaraicu,nome feminino,u·a·rai·cu
uariá,nome masculino,u·a·ri·á
uariquena,adjetivo,u·a·ri·que·na
uariquena,nome masculino,u·a·ri·que·na
uariquena,nome feminino,u·a·ri·que·na
uariquina,nome feminino,u·a·ri·qui·na
uarirama,nome feminino,u·a·ri·ra·ma
uarubé,nome masculino,u·a·ru·bé
uarumã,nome masculino,u·a·ru·mã
uaruremboia,nome feminino,u·a·ru·rem·boi·a
uatapu,nome masculino,u·a·ta·pu
uatite,nome feminino,u·a·ti·te
uaturá,nome masculino,u·a·tu·rá
uau,nome masculino,u·au
uauá,nome masculino,u·au·á
uauaçu,nome masculino,u·au·a·çu
uauçu,nome masculino,u·au·çu
uaupé,adjetivo,u·au·pé
uaupé,nome masculino,u·au·pé
uaupé,nome feminino,u·au·pé
uauri,nome masculino,u·au·ri
ubá,nome feminino,u·bá
ubá,nome masculino,u·bá
ubá-açu,nome masculino,u·bá-a·çu
ubacaba,nome feminino,u·ba·ca·ba
ubacaba,nome masculino,u·ba·ca·ba
ubacaia,nome feminino,u·ba·cai·a
ubaense,nome masculino,u·ba·en·se
ubaense,adjetivo,u·ba·en·se
ubaense,nome feminino,u·ba·en·se
úbaga,nome feminino,ú·ba·ga
ubaia,nome feminino,u·bai·a
ubaia-muxama,nome feminino,u·bai·a-mu·xa·ma
ubaína,nome feminino,u·ba·í·na
ubango,nome masculino,u·ban·go
ubarana,nome masculino,u·ba·ra·na
ubarana,nome feminino,u·ba·ra·na
ubatã,nome masculino,u·ba·tã
ubatubense,adjetivo,u·ba·tu·ben·se
ubatubense,nome masculino,u·ba·tu·ben·se
ubatubense,nome feminino,u·ba·tu·ben·se
uberabense,adjetivo,u·be·ra·ben·se
uberabense,nome masculino,u·be·ra·ben·se
uberabense,nome feminino,u·be·ra·ben·sevá-de-viró,interjeição,vá-de-vi·ró
vaabismo,nome masculino,va·a·bis·mo
vaabita,adjetivo,va·a·bi·ta
vaabita,nome masculino,va·a·bi·ta
vaabita,nome feminino,va·a·bi·ta
vaca,nome feminino,va·ca
vaca-fria,nome feminino,va·ca-fri·a
vaca-loira,nome feminino,va·ca-loi·ra
vaca-loura,nome feminino,va·ca-lou·ra
vaca-marinha,nome feminino,va·ca-ma·ri·nha
vacação,nome feminino,va·ca·ção
vacada,nome feminino,va·ca·da
vacagem,nome feminino,va·ca·gem
vacância,nome feminino,va·cân·ci·a
vacante,adjetivo,va·can·te
vacão,nome masculino,va·cão
vacar,verbo,va·car
vacaraí,nome masculino,va·ca·ra·í
vacari,nome masculino,va·ca·ri
vacaria,nome feminino,va·ca·ri·a
vacaril,adjetivo,va·ca·ril
vacaril,nome masculino,va·ca·ril
vacarino,adjetivo,va·ca·ri·no
vacarrona,nome feminino,va·car·ro·na
vacatura,nome feminino,va·ca·tu·ra
vaceu,adjetivo,va·ceu
vaceu,nome masculino,va·ceu
vacilação,nome feminino,va·ci·la·ção
vacilância,nome feminino,va·ci·lân·ci·a
vacilante,adjetivo,va·ci·lan·te
vacilantemente,advérbio,va·ci·lan·te·men·te
vacilar,verbo,va·ci·lar
vacilatório,adjetivo,va·ci·la·tó·ri·o
vacina,nome feminino,va·ci·na
vacinação,nome feminino,va·ci·na·ção
vacinado,adjetivo,va·ci·na·do
vacinador,nome masculino,va·ci·na·dor
vacinador,adjetivo,va·ci·na·dor
vacinadora,nome feminino,va·ci·na·do·ra
vacinal,adjetivo,va·ci·nal
vacinar,verbo,va·ci·nar
vacinável,adjetivo,va·ci·ná·vel
vaciniácea,nome feminino,va·ci·ni·á·ce·a
vaciniáceo,adjetivo,va·ci·ni·á·ce·o
vacínico,adjetivo,va·cí·ni·co
vacinífero,adjetivo,va·ci·ní·fe·ro
vaciniforme,adjetivo,va·ci·ni·for·me
vacínio,nome masculino,va·cí·ni·o
vacinogenia,nome feminino,va·ci·no·ge·ni·a
vacinogênico,adjetivo,va·ci·no·gê·ni·co
vacinogénico,adjetivo,va·ci·no·gé·ni·co
vacinoide,nome feminino,va·ci·noi·de
vacinoide,adjetivo,va·ci·noi·de
vacinostilo,nome masculino,va·ci·nos·ti·lo
vacinoterapia,nome feminino,va·ci·no·te·ra·pi·a
vacinoterápico,adjetivo,va·ci·no·te·rá·pi·co
vacu,nome masculino,va·cu
vacuá,nome masculino,va·cu·á
vacuidade,nome feminino,va·cui·da·de
vacuísmo,nome masculino,va·cu·ís·mo
vacuísta,nome masculino,va·cu·ís·ta
vacuísta,adjetivo,va·cu·ís·ta
vacuísta,nome feminino,va·cu·ís·ta
vacum,adjetivo,va·cum
vacum,nome masculino,va·cum
vácuo,adjetivo,vá·cu·o
vácuo,nome masculino,vá·cu·o
vacuolar,adjetivo,va·cu·o·lar
vacuolização,nome feminino,va·cu·o·li·za·ção
vacuolizado,adjetivo,va·cu·o·li·za·do
vacúolo,nome masculino,va·cú·o·lo
vacuoma,nome masculino,va·cu·o·ma
vacuómetro,nome masculino,va·cu·ó·me·tro
vacuômetro,nome masculino,va·cu·ô·me·tro
vadagaio,nome masculino,va·da·gai·o
vade-mécum,nome masculino,va·de-mé·cum
vade-retro,interjeição,va·de-re·tro
vadeação,nome feminino,va·de·a·ção
vadear,verbo,va·de·ar
vadeável,adjetivo,va·de·á·vel
vadeoso,adjetivo,va·de·o·so
vadeu,adjetivo,va·deu
vadeu,nome masculino,va·deu
vadia,nome feminino,va·di·a
vadiação,nome feminino,va·di·a·ção
vadiador,adjetivo,va·di·a·dor
vadiador,nome masculino,va·di·a·dor
vadiagem,nome feminino,va·di·a·gem
vadiamente,advérbio,va·di·a·men·te
vadiante,adjetivo,va·di·an·te
vadiante,nome masculino,va·di·an·te
vadiante,nome feminino,va·di·an·te
vadiar,verbo,va·di·ar
vadiaria,nome feminino,va·di·a·ri·a
vadiice,nome feminino,va·di·i·ce
vadiismo,nome masculino,va·di·is·mo
vadio,nome masculino,va·di·o
vadio,adjetivo,va·di·o
vadiote,nome masculino,va·di·o·te
vadoso,adjetivo,va·do·sowad,nome masculino,wad
waffle,nome masculino,waf·fle
wagneriana,nome feminino,wag·ne·ri·a·na
wagneriano,nome masculino,wag·ne·ri·a·no
wagneriano,adjetivo,wag·ne·ri·a·no
wagnerismo,nome masculino,wag·ne·ris·mo
wagnerita,nome feminino,wag·ne·ri·ta
wagnerite,nome feminino,wag·ne·ri·te
wahlenbérgia,nome feminino,wah·len·bér·gi·a
wálchia,nome feminino,wál·chi·a
waldstêinia,nome feminino,walds·têi·ni·a
walkéria,nome feminino,wal·ké·ri·a
walkie-talkie,nome masculino,wal·kie-tal·kie
walkman,nome masculino,walk·man
walthéria,nome feminino,walt·hé·ri·a
warrant,nome masculino,war·rant
warwickite,nome feminino,war·wic·ki·te
washingtónia,nome feminino,was·hing·tó·ni·a
washingtônia,nome feminino,was·hing·tô·ni·a
washingtoniana,nome feminino,wa·shing·to·ni·a·na
washingtoniano,adjetivo,wa·shing·to·ni·a·no
washingtoniano,nome masculino,wa·shing·to·ni·a·no
wasp,nome masculino,wasp
water-closet,nome masculino,wa·ter-clo·set
water-polo,nome masculino,wa·ter-po·lo
watergate,nome masculino,wa·ter·ga·te
waterproof,adjetivo,wa·ter·proof
waterproof,nome masculino,wa·ter·proof
watsónia,nome feminino,wat·só·ni·a
watsônia,nome feminino,wat·sô·ni·a
watt,nome masculino,watt
watt-hora,nome masculino,watt-ho·ra
watt-segundo,nome masculino,watt-se·gun·do
wattímetro,nome masculino,wat·tí·me·tro
wavellita,nome feminino,wa·vel·li·ta
wavellite,nome feminino,wa·vel·li·te
wc,nome masculino,wc
wealdiano,adjetivo,we·al·di·a·no
web,nome feminino,web
wébbia,nome feminino,wéb·bi·a
weber,nome masculino,we·ber
weberiano,adjetivo,we·be·ri·a·no
weekend,nome masculino,wee·kend
weliwítschia,nome feminino,we·li·wíts·chi·a
weliwítschiácea,nome feminino,we·li·wíts·chi·á·ce·a
wellingtónia,nome feminino,wel·ling·tó·ni·a
wellingtônia,nome feminino,wel·ling·tô·ni·a
wellingtoniácea,nome feminino,wel·ling·to·ni·á·ce·a
wellingtoniáceo,adjetivo,wel·ling·to·ni·á·ce·o
wellingtoniana,nome feminino,wel·ling·to·ni·a·na
wellingtoniano,adjetivo,wel·ling·to·ni·a·no
wellingtoniano,nome masculino,wel·ling·to·ni·a·no
welwitschiácea,nome feminino,wel·wits·chi·á·ce·a
welwitschiáceo,adjetivo,wel·wits·chi·á·ce·o
wenlockiano,adjetivo,wen·loc·ki·a·no
werfeniano,adjetivo,wer·fe·ni·a·no
wernerite,nome feminino,wer·ne·ri·te
wertheriana,nome feminino,wer·the·ri·a·na
wertheriano,nome masculino,wer·the·ri·a·no
wesleyanismo,nome masculino,wes·ley·a·nis·mo
wesleyano,adjetivo,wes·le·y·a·no
wesleyano,nome masculino,wes·le·y·a·no
western,nome masculino,wes·tern
westminsteriano,adjetivo,west·min·ste·ri·a·no
whiskey,nome masculino,whis·key
whisky,nome masculino,whis·ky
whist,nome masculino,whist
wiclefismo,nome masculino,wi·cle·fis·mo
wiclefista,adjetivo,wi·cle·fis·ta
wiclefista,nome masculino,wi·cle·fis·ta
wiclefista,nome feminino,wi·cle·fis·ta
widdringtónia,nome feminino,wid·dring·tó·ni·a
widdringtônia,nome feminino,wid·dring·tô·ni·a
wiedmânnia,nome feminino,wi·ed·mân·ni·a
wigândia,nome feminino,wi·gân·di·a
wíghtia,nome feminino,wígh·ti·a
wilbrândia,nome feminino,wil·brân·di·a
wild-card,nome masculino,wild-card
wildiano,adjetivo,wil·di·a·no
wilkinsónia,nome feminino,wil·kin·só·ni·a
wilkinsônia,nome feminino,wil·kin·sô·ni·a
wilsónia,nome feminino,wil·só·ni·a
wilsônia,nome feminino,wil·sô·ni·a
wilsoniano,adjetivo,wil·so·ni·a·no
windsoriano,adjetivo,wind·so·ri·a·no
windsurf,nome masculino,wind·surf
windsurfista,nome masculino,wind·sur·fis·ta
windsurfista,nome feminino,wind·sur·fis·ta
winner,nome masculino,win·ner
winteranácea,nome feminino,win·te·ra·ná·ce·a
wirsungiano,adjetivo,wir·sun·gi·a·no
witherite,nome feminino,wit·he·ri·te
wölffliniano,adjetivo,wölffli·ni·a·no
wollastonite,nome feminino,wol·las·to·ni·te
won,nome masculino,won
woodwárdia,nome feminino,wo·od·wár·di·a
workaholic,adjetivo,wor·ka·ho·lic
workaholic,nome feminino,wor·ka·ho·lic
workaholic,nome masculino,wor·ka·ho·lic
workshop,nome masculino,work·shopxá,nome masculino,xá
xabândar,nome masculino,xa·bân·dar
xabandaria,nome feminino,xa·ban·da·ri·a
xaboco,nome masculino,xa·bo·co
xaboque,nome masculino,xa·bo·que
xaboucar,verbo,xa·bou·car
xabouco,nome masculino,xa·bou·co
xabouco,adjetivo,xa·bou·co
xabouqueiro,adjetivo,xa·bou·quei·ro
xabouqueiro,nome masculino,xa·bou·quei·ro
xabraque,nome masculino,xa·bra·que
xabrega,nome feminino,xa·bre·ga
xabregano,adjetivo,xa·bre·ga·no
xabregano,nome masculino,xa·bre·ga·no
xabregas,adjetivo,xa·bre·gas
xácara,nome feminino,xá·ca·ra
xacatar,verbo,xa·ca·tar
xacoco,adjetivo,xa·co·co
xacoco,nome masculino,xa·co·co
xácoma,nome feminino,xá·co·ma
xacoto,nome masculino,xa·co·to
xacriabá,adjetivo,xa·cri·a·bá
xacriabá,nome masculino,xa·cri·a·bá
xacriabá,nome feminino,xa·cri·a·bá
xador,nome masculino,xa·dor
xadrez,nome masculino,xa·drez
xadrezar,verbo,xa·dre·zar
xadrezinho,adjetivo,xa·dre·zi·nho
xadrezista,nome masculino,xa·dre·zis·ta
xadrezista,nome feminino,xa·dre·zis·ta
xafarraz,nome masculino,xa·far·raz
xágara,nome feminino,xá·ga·ra
xaguão,nome masculino,xa·guão
xaí,nome masculino,xa·í
xaia,nome feminino,xai·a
xaiá,nome feminino,xai·á
xaile,nome masculino,xai·le
xaile-manta,nome masculino,xai·le-man·ta
xaimel,nome masculino,xai·mel
xairel,nome masculino,xai·rel
xairel,adjetivo,xai·rel
xairelado,adjetivo,xai·re·la·do
xairelar,verbo,xai·re·lar
xajá,nome feminino,xa·já
xal,nome masculino,xal
xalavar,nome masculino,xa·la·var
xale,nome masculino,xa·le
xale-manta,nome masculino,xa·le-man·ta
xalma,nome feminino,xal·ma
xalmas,nome feminino,xal·mas
xama,nome masculino,xa·ma
xama,adjetivo,xa·ma
xamã,nome masculino,xa·mã
xama,nome feminino,xa·ma
xamacoco,adjetivo,xa·ma·co·co
xamacoco,nome masculino,xa·ma·co·co
xamane,nome masculino,xa·ma·ne
xamanismo,nome masculino,xa·ma·nis·mo
xamanista,adjetivo,xa·ma·nis·ta
xamanista,nome masculino,xa·ma·nis·ta
xamanista,nome feminino,xa·ma·nis·ta
xamanístico,adjetivo,xa·ma·nís·ti·co
xamata,nome feminino,xa·ma·ta
xâmata,nome masculino,xâ·ma·ta
xamate,nome masculino,xa·ma·te
xambouqueiro,adjetivo,xam·bou·quei·ro
xambregado,adjetivo,xam·bre·ga·do
xambuje,nome masculino,xam·bu·je
xampu,nome masculino,xam·pu
xangaia,nome feminino,xan·gai·a
xangaiense,adjetivo,xan·gai·en·se
xangaiense,nome masculino,xan·gai·en·se
xangaiense,nome feminino,xan·gai·en·se
xangaiês,adjetivo,xan·gai·ês
xangaiês,nome masculino,xan·gai·ês
xangaíno,adjetivo,xan·ga·í·no
xangaíno,nome masculino,xan·ga·í·no
xangó,nome masculino,xan·gó
xantamílico,adjetivo,xan·ta·mí·li·co
xantarsenite,nome feminino,xan·tar·se·ni·te
xantato,nome masculino,xan·ta·to
xanteína,nome feminino,xan·te·í·na
xantelasma,nome masculino,xan·te·las·ma
xanteloma,nome masculino,xan·te·lo·ma
xantematina,nome feminino,xan·te·ma·ti·na
xantena,nome feminino,xan·te·na
xântico,adjetivo,xân·ti·co
xantina,nome feminino,xan·ti·na
xantinúria,nome feminino,xan·ti·nú·ri·a
xantinúrico,adjetivo,xan·ti·nú·ri·co
xântio,nome masculino,xân·ti·o
xantite,nome feminino,xan·ti·te
xanto,nome masculino,xan·to
xantocarotina,nome feminino,xan·to·ca·ro·ti·na
xantocéfalo,adjetivo,xan·to·cé·fa·lo
xantocistina,nome feminino,xan·to·cis·ti·na
xantócomo,nome masculino,xan·tó·co·mo
xantoconite,nome feminino,xan·to·co·ni·te
xantocromia,nome feminino,xan·to·cro·mi·a
xantocrômico,adjetivo,xan·to·crô·mi·coyacht,nome masculino,yacht
yang,nome masculino,yang
yanguiano,adjetivo,yan·gui·a·no
yankee,nome feminino,yan·kee
yankee,adjetivo,yan·kee
yankee,nome masculino,yan·kee
yard,nome masculino,yard
yé-yé,nome masculino,yé-yé
yé-yé,adjetivo,yé-yé
yeatsiano,adjetivo,yeat·si·a·no
yekkeniano,adjetivo,yek·ke·ni·a·no
yen,nome masculino,yen
yersiniano,adjetivo,yer·si·ni·a·no
yeti,nome masculino,ye·ti
yiddish,nome masculino,yid·dish
yield,nome masculino,yield
yin,nome masculino,yin
yod,nome masculino,yod
yoga,nome masculino,yo·ga
yorkshiriana,nome feminino,york·shi·ri·a·na
yorkshiriano,adjetivo,york·shi·ri·a·no
yorkshiriano,nome masculino,york·shi·ri·a·no
younguiano,adjetivo,youn·gui·a·no
ypresiano,adjetivo,y·pre·si·a·no
ypresiano,nome masculino,y·pre·si·a·no
yuan,nome masculino,yu·an
yuppie,nome masculino,yup·pie
yverdoniano,adjetivo,y·ver·do·ni·a·no
yvoniano,adjetivo,y·vo·ni·a·nozá,nome masculino,zá
zabaneira,nome feminino,za·ba·nei·ra
zabdiceno,adjetivo,zab·di·ce·no
zabdiceno,nome masculino,zab·di·ce·no
zabelê,nome masculino,za·be·lê
zabra,nome feminino,za·bra
zabumba,nome masculino,za·bum·ba
zabumbar,verbo,za·bum·bar
zabumbeiro,nome masculino,za·bum·bei·ro
zabumbeiro,adjetivo,za·bum·bei·ro
zaburreira,nome feminino,za·bur·rei·ra
zaburreiro,nome masculino,za·bur·rei·ro
zaburro,nome masculino,za·bur·ro
zaca,nome masculino,za·ca
zacíntio,adjetivo,za·cín·ti·o
zacíntio,nome masculino,za·cín·ti·o
zacinto,nome masculino,za·cin·to
zaco,nome masculino,za·co
zacônico,adjetivo,za·cô·ni·co
zacónico,adjetivo,za·có·ni·co
zacónico,nome masculino,za·có·ni·co
zacônico,nome masculino,za·cô·ni·co
zacum,nome masculino,za·cum
zafarrancho,nome masculino,za·far·ran·cho
zafece,adjetivo,za·fe·ce
zafece,nome masculino,za·fe·ce
zafece,nome feminino,za·fe·ce
zafimeiro,adjetivo,za·fi·mei·ro
zaga,nome feminino,za·ga
zagaia,nome feminino,za·gai·a
zagaiada,nome feminino,za·gai·a·da
zagaiar,verbo,za·gai·ar
zagaieiro,nome masculino,za·gai·ei·ro
zagaio,nome masculino,za·gai·o
zagal,nome masculino,za·gal
zagala,nome feminino,za·ga·la
zagalejo,nome masculino,za·ga·le·jo
zagalete,nome masculino,za·ga·le·te
zagaleto,nome masculino,za·ga·le·to
zagalotada,nome feminino,za·ga·lo·ta·da
zagalote,nome masculino,za·ga·lo·te
zagão,nome masculino,za·gão
zagatai,nome masculino,za·ga·tai
zagaté,nome masculino,za·ga·té
zagor,nome masculino,za·gor
zagorrino,adjetivo,za·gor·ri·no
zagorrino,nome masculino,za·gor·ri·no
zagorro,adjetivo,za·gor·ro
zagorro,nome masculino,za·gor·ro
zagrão,nome masculino,za·grão
zagre,nome masculino,za·gre
zagrebina,nome feminino,za·gre·bi·na
zagrebino,adjetivo,za·gre·bi·no
zagrebino,nome masculino,za·gre·bi·no
zagucho,adjetivo,za·gu·cho
zagueiro,nome masculino,za·guei·ro
zagunchada,nome feminino,za·gun·cha·da
zagunchar,verbo,za·gun·char
zaguncho,nome masculino,za·gun·cho
zãibo,adjetivo,zãi·bo
zaida,nome feminino,zai·da
zaikó,nome masculino,zai·kó
zaina,nome feminino,zai·na
zaine,nome masculino,zai·ne
zaino,nome masculino,zai·no
zaino,adjetivo,zai·no
zaipana,nome masculino,zai·pa·na
zaira,nome feminino,zai·ra
zaire,nome masculino,zai·re
zairense,adjetivo,zai·ren·se
zairense,nome masculino,zai·ren·se
zairense,nome feminino,zai·ren·se
zairota,nome masculino,zai·ro·ta
zairota,nome feminino,zai·ro·ta
zalumar,verbo,za·lu·mar
zama,nome masculino,za·ma
zamacueca,nome feminino,za·ma·cu·e·ca
zamareno,adjetivo,za·ma·re·no
zamareno,nome masculino,za·ma·re·no
zamba,nome feminino,zam·ba
zambaio,adjetivo,zam·bai·o
zambaio,nome masculino,zam·bai·o
zambana,adjetivo,zam·ba·na
zambana,nome masculino,zam·ba·na
zambana,nome feminino,zam·ba·na
zambê,nome masculino,zam·bê
zambeque,nome masculino,zam·be·que
zambeta,adjetivo,zam·be·ta
zambeta,nome masculino,zam·be·ta
zambeziano,adjetivo,zam·be·zi·a·no
zambeziano,nome masculino,zam·be·zi·a·no
zambi,nome masculino,zam·bi
zambiana,nome feminino,zam·bi·a·na
zambiano,adjetivo,zam·bi·a·no
zambiano,nome masculino,zam·bi·a·no
zambiapunga,nome feminino,zam·bi·a·pun·ga
zambo,adjetivo,zam·bo
zambo,nome masculino,zam·bo
zamboa,nome feminino,zam·bo·a
zamboada,nome feminino,zam·bo·a·da
